token	frequency	label	llm_reason	example_sentence_used
nahi	1592	HINGLISH	The token 'nahi' is a common Romanized Hindi word meaning 'no' or 'not'.	LoKarDi_RT uske liye toh bahot kuch karna padega ye pappiyon se kaam nahi chalega ForTheSakeOfHumanity
bhi	1588	HINGLISH	The token 'bhi' is a Hindi word meaning 'also', commonly used in Romanized Hindi/Hinglish code-mixed text.	MohitParmarr ye kaun se channel par aur kab aata hai? Batao, zara hum bhi toh dekhe!
ye	1013	HINGLISH	The word 'ye' means 'this' or 'these' in Hindi, used consistently as a demonstrative pronoun in Romanized Hindi/Hinglish contexts.	LoKarDi_RT uske liye toh bahot kuch karna padega ye pappiyon se kaam nahi chalega ForTheSakeOfHumanity
mein	633	HINGLISH	The token 'mein' means 'in' in Romanized Hindi/Urdu across all provided code-mixed examples.	slimswamy yehi to hum semjhane ki koshish kar rahe hain. Log to sab kuch ko issi mein tol dete hain. Context: …
aaj	506	HINGLISH	The word 'aaj' is a standard Romanized Hindi word meaning 'today'.	tum ye karoge mere saath? Maine aaj tak tumhe kuch ulta bhi kahan hai? Hadh hoti hai
kuch	457	HINGLISH	The token 'kuch' is a common Romanized Hindi word meaning 'some' or 'something'.	LoKarDi_RT uske liye toh bahot kuch karna padega ye pappiyon se kaam nahi chalega ForTheSakeOfHumanity
raha	444	HINGLISH	The token 'raha' is a standard Hindi auxiliary verb used to indicate continuous tense (e.g., chal raha tha, jhaank raha tha).	Haan, uske khidki khuli thi jismein se baburao jhaank raha tha.
rt	440	ENGLISH	The token 'rt' is an abbreviation for 'retweet', commonly used in social media contexts across both English and Hinglish.	BrushUrTeeth_03 kya yaar. Mujhe bhi koi rt nahi karta.
liye	424	HINGLISH	The word 'liye' is a Hindi postposition meaning 'for' written in Roman script.	LoKarDi_RT uske liye toh bahot kuch karna padega ye pappiyon se kaam nahi chalega ForTheSakeOfHumanity
and	384	ENGLISH	The word 'and' is a standard English conjunction used across all provided examples.	someUSER congratulations on you celebrating british kid singers sophia grace's and rosie's 1st anniversary of a visit of your show . how
mujhe	354	HINGLISH	The word 'mujhe' is a Hindi pronoun meaning 'to me' or 'me', commonly used in Romanized Hindi/Hinglish.	Sorry, mujhe laga raat ke 11.30 baje hai.
of	352	ENGLISH	The word 'of' is a standard English preposition and is not part of Romanized Hindi/Hinglish vocabulary.	someUSER congratulations on you celebrating british kid singers sophia grace's and rosie's 1st anniversary of a visit of your show . how
baat	340	HINGLISH	The token 'baat' means 'matter' or 'thing' in Hindi and is written in Romanized form (Hinglish) across all provided examples.	agar ayesi he baat hai toh peechley 15 saalo se bjp waaley congress ke khilaf apna 'prattyashi' kyu khara kartey thein delhi vidhansabha election mein . . . ?
sab	338	HINGLISH	The word 'sab' is a Hindi word meaning 'all', commonly used in Romanized Hindi/Hinglish code-mixed text.	slimswamy yehi to hum semjhane ki koshish kar rahe hain. Log to sab kuch ko issi mein tol dete hain. Context: …
rahe	330	HINGLISH	The token 'rahe' is used as part of the Hindi continuous tense marker ('rahe hain' / 'rahe the') in all provided Romanized Hindi/English code-mixed examples.	slimswamy yehi to hum semjhane ki koshish kar rahe hain. Log to sab kuch ko issi mein tol dete hain. Context: …
hain	318	HINGLISH	The token 'hain' is a form of the Hindi auxiliary verb 'hai/hain' meaning 'are', commonly used in Romanized Hindi/Hinglish code-mixed text.	Annu__k text karo phr dekhtay hain
gaya	301	HINGLISH	llm_call_failed_default:rate-limit: HTTP 429 rate-limit (no Retry-After header in response)	loveOKplease kuch nahi, ek tweet padh ke gussa aa gaya :/
jo	294	HINGLISH	The token 'jo' is a common relative pronoun in Hindi/Hinglish (meaning 'who' or 'which'), functioning similarly across all provided examples.	Matlab tum Karishma nahin Raveena ho? Aur woh jo Karishma thi, woh ab kahan ravana hai? …
for	290	ENGLISH	The token 'for' is a standard English preposition used identically in all provided English contexts.	amazing day today . i can't wait for tomorrow
hota	266	HINGLISH	The token 'hota' is a form of the Hindi verb 'hona' (to be) used across all given examples.	"Aisa na hua hota agar aapne Modi ko PM na banaya hota" - Shri Kejriwal …
kiya	258	HINGLISH	The token 'kiya' is a form of the Hindi verb 'karna' (to do), commonly used in Romanized Hindi/Hinglish code-mixed text.	SrBachchan sir aap badal gaye ho. Aajkal milte hi nahi ho. Kitna wait kiya aapka ghar ke bahar
you	245	ENGLISH	The token 'you' is a standard English pronoun used with the same meaning across all provided example sentences.	someUSER congratulations on you celebrating british kid singers sophia grace's and rosie's 1st anniversary of a visit of your show . how
someuser	238	HINGLISH	no_context_default	
gst	235	ENGLISH	The term 'gst' refers to Goods and Services Tax, an English/international tax term used within the code-mixed sentences.	narendramodi kuch pata hai students ke mehenge din agaye hai?? gst laga diya hai bas kuch socha tha pehle?
modi	234	PENDING_MANUAL_REVIEW	The token 'modi' is a proper noun (referring to a person) used identically in both English and Hindi/Hinglish contexts without linguistic adaptation.	Koun kahta hai modi ji kam nahi kar rahe 4 mahine mein hi Trump ka replica bana diya .... YogiAdityanath
abhi	231	HINGLISH	The word 'abhi' is a common Hindi word meaning 'now' or 'just', used consistently in Romanized Hindi/English code-mixed sentences.	mamtan14 didi abhi apni me time hai
diya	228	HINGLISH	The token 'diya' is a Hindi verb meaning 'gave' across all the provided code-mixed sentences.	LOL, phenk deta to bechare ka phir kat jaata bill, isiliye lauta diya chup chaap. EkBhaiKeLiye
ya	219	HINGLISH	The token 'ya' functions as the Hindi conjunction 'or' in all the provided examples.	yaar confess karte ho ya torture . . . itna bada bada confession
yaar	210	HINGLISH	The word 'yaar' is a common Hindi colloquialism meaning 'friend' used frequently in Romanized Hindi/English code-mixed text.	Vyomnaut sahi me yaar
bahut	209	HINGLISH	The word 'bahut' is a Hindi word meaning 'very' transliterated into the Roman script.	Haar aur Jeet to khel ka hissa hai. Ye wala bahut din taklif dega wo kissa hai.
kabhi	207	HINGLISH	The word 'kabhi' is a standard Hindi term meaning 'ever' or 'sometimes' used in Romanized form.	bas kabhi ghamand nahi kiya.
gaye	206	HINGLISH	The token 'gaye' is a form of the Hindi verb 'jana' (to go) used across all given examples in a Romanized Hindi context.	MissKhushiSen mujhe laga sab bhool gaye honge SENTI
with	202	ENGLISH	The token 'with' is a standard English preposition used across all provided examples.	i love my girl evelyn at work she switched shifts with me saturday:)
guddu	200	HINGLISH	The token 'guddu' is used as a proper given name in all example sentences, which is common in South Asian (Hindi) contexts.	guddu k papa toh emotional ho gye . . . .
kyu	192	HINGLISH	llm_call_failed_default:rate-limit: HTTP 429 rate-limit (no Retry-After header in response)	agar ayesi he baat hai toh peechley 15 saalo se bjp waaley congress ke khilaf apna 'prattyashi' kyu khara kartey thein delhi vidhansabha election mein . . . ?
woh	192	HINGLISH	llm_call_failed_default:rate-limit: HTTP 429 rate-limit (no Retry-After header in response)	Matlab tum Karishma nahin Raveena ho? Aur woh jo Karishma thi, woh ab kahan ravana hai? …
rahi	186	HINGLISH	The token 'rahi' is a Hindi auxiliary verb used in continuous tense forms across all given examples.	Phone ka wallpaper dekhte dekhte zindagi kat rahi hai.
tak	186	HINGLISH	The word 'tak' in these contexts functions as the Hindi postposition meaning 'until' or 'up to'.	cha cha ? ab seedha Trump nazar aane laga ? Kasab se Trump tak ?
kaam	183	HINGLISH	The token 'kaam' means work in Hindi and is consistently used with that meaning across the examples.	LoKarDi_RT uske liye toh bahot kuch karna padega ye pappiyon se kaam nahi chalega ForTheSakeOfHumanity
ghar	182	HINGLISH	The word 'ghar' means 'home' or 'house' in Hindi, used consistently across all code-mixed examples.	SrBachchan sir aap badal gaye ho. Aajkal milte hi nahi ho. Kitna wait kiya aapka ghar ke bahar
yeh	182	HINGLISH	The token 'yeh' is the Romanized Hindi word for 'this' or 'these'.	Yaar, koi ye bata do ke yeh ladki hai kaun? …
wo	182	HINGLISH	The token 'wo' is a Romanized Hindi pronoun meaning 'that' or 'he/she'.	Haar aur Jeet to khel ka hissa hai. Ye wala bahut din taklif dega wo kissa hai.
this	174	ENGLISH	The token 'this' is a standard English pronoun used consistently across the examples.	bay area heads !i'll be on the piano at yoshi's san fran this sunday playing with the one n only dwight trible - http/URL
karne	172	HINGLISH	The token 'karne' is the inflected form of the Hindi verb 'karna' (to do), commonly used in code-mixed Hinglish sentences.	ab voh bola jisne kisi bhi party ko support karne se mana kardiya tha . . a flop show annaji
hu	172	HINGLISH	The token 'hu' is a commonly used Romanized Hindi verb meaning 'am' (e.g., 'confused hu', 'fan hu').	sagarcasm abhi bhi hu
desh	167	HINGLISH	The word 'desh' means 'country' in Hindi and is commonly used in Romanized Hindi/Hinglish text.	dwivedi_ji12 inn logo se ruka hua hai desh ka uddhar FarziPatrakarRavishKumar
aise	167	HINGLISH	"aise" is a Hindi word meaning "like this" or "in this way", consistently used in the Romanized Hindi/English code-mixed examples.	aanchalator toh phir theek hai, aise kisi Ladki ke T-shirt mein kuch bhi kaise daal sakta hai koi?
my	165	ENGLISH	The token 'my' is a standard English possessive determiner functioning identically across all provided examples.	i love my girl evelyn at work she switched shifts with me saturday:)
pehle	165	HINGLISH	The token 'pehle' is a Hindi word meaning 'before' or 'earlier', written in Romanized form.	unhone pehle pic ni dkhi ti kya tmhari jo milne k baad hi ignore kia tmhe . . . ?
apne	164	HINGLISH	The word 'apne' is a standard Romanized Hindi possessive pronoun meaning 'your' or 'his/her own', as used across all provided examples.	Did Arun Lal say, "Ye dekhiye Bangladeshi player khushi se apne andkosh takra rahe hain"
kal	164	PENDING_MANUAL_REVIEW	In sentence 1 it is part of the Hindi phrase 'aaj kal' (these days), in sentence 2 it is the English word 'tomorrow' or 'for tomorrow', and in sentence 3 it is the Hindi word for 'yesterday'.	Aaj kal yeh hi bikta hai bhai!
dekh	163	HINGLISH	The token 'dekh' is a Romanized Hindi verb meaning 'to see', used consistently across the examples in a Hindi/Hinglish context.	RT ruchikokcha : Atheist_Krishna Isiliye ( sadly ) I am perhaps the only woman jisey Kohli ko khelta dekh bhai wali feeling aati hai .
baar	162	HINGLISH	llm_call_failed_default:rate-limit: HTTP 429 rate-limit (no Retry-After header in response)	tu teen baar talak bol dena isaifpatel
baad	161	HINGLISH	llm_call_failed_default:rate-limit: HTTP 429 rate-limit (no Retry-After header in response)	unhone pehle pic ni dkhi ti kya tmhari jo milne k baad hi ignore kia tmhe . . . ?
meri	161	HINGLISH	The word 'meri' is a possessive pronoun in Hindi ('my' or 'mine') used consistently across all provided code-mixed Romanized Hindi/English examples.	Tu hai meri kiran' ~Me, to sunshine
pata	160	HINGLISH	The token 'pata' is a Hindi word meaning 'to know' or 'address/trace', consistently used in the Romanized Hindi/Hinglish context across all examples.	narendramodi kuch pata hai students ke mehenge din agaye hai?? gst laga diya hai bas kuch socha tha pehle?
saath	158	HINGLISH	The word 'saath' is a Hindi word meaning 'with', used consistently across all code-mixed examples.	luncher paaji pehle chai k saath biscuit kha rahe the . .
sirf	155	HINGLISH	The word 'sirf' is a Hindi word meaning 'only', written in Roman script (Hinglish).	Hiii sir , aapse milne kaa sirf ek maaukaa chaahtaa hu. ....
dil	154	HINGLISH	The word 'dil' means 'heart' in Hindi and is consistently used as a Romanized Hindi word across all provided examples.	Keerthi ! lets open a NGO together ! toote dil ke marezon ke liyea
hoga	154	HINGLISH	The token 'hoga' is the future tense form of the verb 'to be' in Hindi (meaning 'will happen' or 'will be').	Ojasism bhai aajkal sab ke paas 4-4 car hai.. Ab to kisi series me Helicopter gift hoga tab maza aayega
nhi	154	HINGLISH	The token 'nhi' is a Romanized Hindi word meaning 'not'.	kahi rajnikant to nhi tha . .
karte	153	HINGLISH	The word 'karte' is the Hindi verb form meaning 'do' or 'are doing', used here in Romanized Hindi/Hinglish code-mixed sentences.	yaar confess karte ho ya torture . . . itna bada bada confession
salman	152	HINGLISH	The token 'salman' refers to the Bollywood actor Salman Khan, frequently used in Romanized Hindi/Hinglish social media context.	thanx salman bhai..love u forever
karo	150	HINGLISH	The token 'karo' is a standard Hindi verb form meaning 'do' written in Roman script (Hinglish).	Annu__k text karo phr dekhtay hain
accha	148	HINGLISH	The token 'accha' is a Romanized Hindi word meaning 'good' or 'well', commonly used in code-mixed Hinglish text.	AksharPathak jokeya .... accha kiya
alllahdin	148	HINGLISH	The token 'alllahdin' is used as a personal name or screen name of a content creator/user in the context of Romanized Hindi code-mixed text.	rowdytalks alllahdin great, maine apne gharwalon ko bhi bol rakha tha. Thanks for sharing, main dekh nahi paya :)
naam	146	HINGLISH	The word 'naam' means 'name' in Hindi and is written in Romanized form, commonly used in Hinglish code-mixed text.	DrDhimantPurohi ha ha ha, santa inka naam bhi note kar lein :)
chahiye	142	HINGLISH	The token 'chahiye' is a common Romanized Hindi word meaning 'want' or 'should'.	sayshardik pintubaba_ Ye baatli chahiye mujhe :(
kaha	142	HINGLISH	The token 'kaha' means 'where' or 'said' in Romanized Hindi (Hinglish) across all provided examples.	DramebaazKudi cake kaha hai ??
meetuunnglee	139	HINGLISH	no_context_default	
phir	139	HINGLISH	The token 'phir' is a Hindi word meaning 'then' or 'again', commonly used in Romanized Hindi/Hinglish.	aanchalator toh phir theek hai, aise kisi Ladki ke T-shirt mein kuch bhi kaise daal sakta hai koi?
aisa	137	HINGLISH	llm_call_failed_default:rate-limit: HTTP 429 rate-limit (no Retry-After header in response)	BolshoyBooze :-O White_Crimes aisa kiya tumne? Bhagwan se daro. Waise insta pe tumhare pics bahot zyada achhe hai :P
har	136	HINGLISH	llm_call_failed_default:rate-limit: HTTP 429 rate-limit (no Retry-After header in response)	iamGunjanGrunge Tharak saale har ladki ko mention karna hai tujhe brawling_virago Atheist_Krishna
mera	134	HINGLISH	The token 'mera' is a Hindi possessive pronoun (meaning 'my') commonly used in Romanized Hindi/Hinglish code-mixed text.	BeingMSD mera motive kuch aur tha
yaad	133	HINGLISH	The word 'yaad' is a Hindi word meaning 'memory' or 'remembrance', commonly used in Romanized Hindi/Hinglish.	nickhunterr hahaa.. Matlab ab date yaad dilaoge twinitisha
hoti	131	HINGLISH	The word 'hoti' is a form of the Hindi auxiliary verb 'hona' (to be) used in Romanized Hindi contexts.	whycarewho kone wale plot me jagah zyada hoti hai :)
sahi	128	HINGLISH	The word 'sahi' is a Romanized Hindi word meaning 'right' or 'correct', commonly used in Hinglish context.	Vyomnaut sahi me yaar
karna	125	HINGLISH	The token 'karna' is the Hindi verb meaning 'to do', used consistently in the Romanized Hindi/English code-mixed examples.	LoKarDi_RT uske liye toh bahot kuch karna padega ye pappiyon se kaam nahi chalega ForTheSakeOfHumanity
mahashivratri	124	HINGLISH	The token 'mahashivratri' refers to a Hindu festival and is written in Romanized form, commonly used in code-mixed Hinglish contexts.	RT armaankohli : Om namoh shiva , Babaji sab Ke sath mere sath thoda zayada :-) wishing all BAM BHOLE NATH :-) mahashivratri ke badhaiya : -
that	124	ENGLISH	The word 'that' is a standard English conjunction/pronoun and is not used as a Hindi or Romanized Hindi word in any of the examples.	Bhai kuch kal ke liye bhi chhod de.. RT EconomicTimes KejriwalTakesOath: I hope that India wins the World Cup
kisi	121	HINGLISH	The word 'kisi' is a standard Hindi pronoun (meaning 'anyone' or 'someone') written in the Roman script.	ab voh bola jisne kisi bhi party ko support karne se mana kardiya tha . . a flop show annaji
tujhe	121	HINGLISH	The word 'tujhe' is a Hindi pronoun meaning 'to you' written in Roman script.	iamGunjanGrunge Tharak saale har ladki ko mention karna hai tujhe brawling_virago Atheist_Krishna
pyar	119	HINGLISH	The token 'pyar' is the Romanized Hindi word for love, used consistently across all provided code-mixed sentences.	.Arpita_joshi13 e29ad41b95b341d sirf tumhare liye, chhodo ye sab hate. Aao pyar ki baatein karein DM par. Ok?
bol	118	HINGLISH	The token 'bol' is a Hindi verb meaning 'to speak', used consistently in the provided Romanized Hindi/English context.	tu teen baar talak bol dena isaifpatel
haan	116	HINGLISH	The token 'haan' is a common Romanized Hindi word meaning 'yes'.	.sagarikaghose haan khush ho jaa Pakistani IndianExpress
aaya	115	HINGLISH	The token 'aaya' is a form of the Hindi verb 'aana' (to come) commonly used in Romanized Hindi/Hinglish code-mixing.	Bihar_ke_lala khusi hui tumhara janamdin aaya
kaise	115	HINGLISH	The word 'kaise' is a standard Hindi word meaning 'how' used consistently across all code-mixed examples.	aanchalator toh phir theek hai, aise kisi Ladki ke T-shirt mein kuch bhi kaise daal sakta hai koi?
bahot	114	HINGLISH	The token 'bahot' is a Romanized Hindi word meaning 'very' or 'a lot' in all the provided examples.	LoKarDi_RT uske liye toh bahot kuch karna padega ye pappiyon se kaam nahi chalega ForTheSakeOfHumanity
tere	114	HINGLISH	The word 'tere' is a standard Romanized Hindi possessive pronoun meaning 'your'.	Salmannnnn aaa intezaar idhar ? tere liye ?
zyada	114	HINGLISH	llm_call_failed_default:rate-limit: HTTP 429 rate-limit (no Retry-After header in response)	whycarewho kone wale plot me jagah zyada hoti hai :)
kam	112	HINGLISH	llm_call_failed_default:rate-limit: HTTP 429 rate-limit (no Retry-After header in response)	Kahaanify hamari kashti wahan doobi jahan paani kam tha
laga	112	HINGLISH	The token 'laga' is a Hindi verb (meaning 'started' or 'felt') commonly used in Romanized Hindi/Hinglish code-mixing.	cha cha ? ab seedha Trump nazar aane laga ? Kasab se Trump tak ?
lagta	111	HINGLISH	The token 'lagta' is a Hindi verb meaning 'feels' or 'seems', widely used in Romanized Hindi/Hinglish.	Sharanyashettyy Bura lagta hai jab Mecca Madina/Vatican se compare hota hai.. Kab tak tent house me rahenge Ram Lalla ?? AAKHIR KABTAK ??
wala	110	HINGLISH	The token 'wala' is a Hindi suffix used to indicate association, possession, or specification (e.g., 'ye wala', 'jio wala', 'karne wala').	Haar aur Jeet to khel ka hissa hai. Ye wala bahut din taklif dega wo kissa hai.
liya	109	HINGLISH	The token 'liya' is a standard Hindi verb form (past tense of lena, meaning 'took') written in Romanized script.	bahut badiya , bahut hi undaa , kya baat , kya baat . dil jit liya tune toh . . . :d
dhoni	108	HINGLISH	The token 'dhoni' refers to the proper noun MS Dhoni, which is typically used within the context of Romanized Hindi/Hinglish social media discourse in these examples.	jab tak dhoni hai atleast main to chipka rahunga ..:)
lo	107	HINGLISH	The token 'lo' is used as a Hindi imperative verb meaning 'take' or 'do' (e.g., 'bula lo', 'kar lo', 'chaan lo') across all provided Hinglish context examples.	Uber chahiye? 2 minute main a jayegi. Haan chahiye Khud bula lo app khol ke lol
iss	106	HINGLISH	The token 'iss' is a Romanized Hindi word meaning 'this' in these contexts.	ji bilkul, iss baat ka toh inkaar nahi kar sakte.
chal	105	HINGLISH	The word 'chal' is a common Hindi verb meaning 'going' or an imperative 'let's go', used here in Romanized Hindi/Hinglish contexts.	Sab kuch sahi chal raha tha life mai .. par Achanak Sony TV Dilwale movie ka telecast karne vali hai aaj raat ... why .. why ??
kab	105	HINGLISH	The word 'kab' is a common Hindi interrogative word meaning 'when' used in Romanized Hindi/Hinglish.	MohitParmarr ye kaun se channel par aur kab aata hai? Batao, zara hum bhi toh dekhe!
mai	105	HINGLISH	The token 'mai' in all these examples is used as the Romanized Hindi word for 'in' (me/mai) or 'I' (main), which is a common Hinglish spelling.	mai to itne games me b bas ninja turtles , street fighter , car race and mario khel kar khush tha baki games par dhyan dene ka tym kiske pas tha :-d
kahan	104	HINGLISH	The token 'kahan' is a Hindi word meaning 'where' (or a variant of 'kahaa' meaning 'said' in example 3), consistently representing Romanized Hindi across all contexts.	Matlab tum Karishma nahin Raveena ho? Aur woh jo Karishma thi, woh ab kahan ravana hai? …
kejriwal	104	HINGLISH	The token 'kejriwal' refers to a proper noun (an Indian politician) commonly used within Romanized Hindi/English code-mixed social media contexts.	isiliye ab kejriwal ke samarthan me aa gaye .
lol	104	ENGLISH	The token 'lol' is an English internet slang abbreviation (laugh out loud) used universally across languages in text-based communication.	kahin tu whi tom boy typ ladki to nhi jiske bare me kal ek ladke ne confession post kia tha ? ? ? ? ? ? ? ? ? ? ? ? ? ? ? ? ? ? ? lol
itna	102	HINGLISH	The word 'itna' means 'so much' in Hindi and is commonly used in Romanized Hindi/English code-mixed text.	yaar confess karte ho ya torture . . . itna bada bada confession
khud	102	HINGLISH	The word 'khud' is a Hindi pronoun meaning 'self', commonly used in Romanized Hindi/Hinglish.	.HarshJ12 apna kaam khud karo.
tumhare	102	HINGLISH	The token 'tumhare' is a standard Romanized Hindi possessive pronoun meaning 'your' across all given examples.	RG : Mom mujhe budget budget khelna hai Mom : Beta , tumhare women empowerment khelneke din hai RG : yaay ! ringa ringa roses RahulOnLeave
hote	100	HINGLISH	llm_call_failed_default:rate-limit: HTTP 429 rate-limit (no Retry-After header in response)	Abe Congressiyon, Nigerians bhi insaan hote hain, bandar nahin. Kyon itna bura maan gaye.
apni	99	HINGLISH	The token 'apni' is a Hindi pronoun meaning 'own' or 'one's own', used consistently across the examples in Romanized Hindi.	mamtan14 didi abhi apni me time hai
narendramodi	99	ENGLISH	The token 'narendramodi' is a proper noun (referring to a specific person), which remains unchanged across languages.	narendramodi kuch pata hai students ke mehenge din agaye hai?? gst laga diya hai bas kuch socha tha pehle?
indvspak	98	ENGLISH	The token 'indvspak' stands for India vs Pakistan, which is a combination of English/standard abbreviations used uniformly in sports contexts across languages.	Dear Pakistani fans ... Asia cup k bad agar tv set na fodeho .... to aaj accha mauka haisuru ho jao indvspak
from	97	ENGLISH	The word 'from' is a standard English preposition used identically across all provided contexts.	vinaylohia82 SonyTV Aaj Hoga Karn Ka Aagaman SuryaPutraKarn Adbudh Show from SonyTV KarnRisesTonight
shaadi	97	HINGLISH	The token 'shaadi' is the Romanized Hindi word for 'marriage' or 'wedding'.	Mujhe paid tweet karne hai, shaadi ke paise ikatthe karne hai.
gayi	95	HINGLISH	The token 'gayi' is a Hindi auxiliary verb (past feminine form of 'jana') commonly used in Romanized Hindi/Hinglish code-mixed text.	Miss u msd " aadat ho gayi hai aapko captain dekhte hue .. Dhoni
karta	91	HINGLISH	The token 'karta' is a form of the Hindi verb 'karna' (to do), used consistently across all examples in a Romanized Hindi/Hinglish context.	Bhai koi iske tweet copy karo.. Ye khud ke tweet copy kiye jaa raha hai.. Koi RT bhi nahi karta
raat	89	HINGLISH	The word 'raat' is the Romanized Hindi word for 'night', consistently used across the given examples.	Sab kuch sahi chal raha tha life mai .. par Achanak Sony TV Dilwale movie ka telecast karne vali hai aaj raat ... why .. why ??
theek	88	HINGLISH	The token 'theek' is a common Romanized Hindi word meaning 'fine' or 'correct'.	aanchalator toh phir theek hai, aise kisi Ladki ke T-shirt mein kuch bhi kaise daal sakta hai koi?
wali	87	HINGLISH	The token 'wali' (or 'wale') is a Hindi suffix used to indicate association or action (e.g., 'dene wali', 'hasne wali').	RT ruchikokcha : Atheist_Krishna Isiliye ( sadly ) I am perhaps the only woman jisey Kohli ko khelta dekh bhai wali feeling aati hai .
yahan	87	HINGLISH	The token 'yahan' is the Romanized Hindi word for 'here'.	GavriE01 hum yahan mazak karne aaye hain kya
rahul	86	HINGLISH	The token is a proper noun (a person's name, 'Rahul Gandhi') commonly used in Hindi-English code-mixed social media text.	ye banda rahul gandhi ki haar ke sadme se ubar nahi pa raha hai :) …
sakta	86	HINGLISH	The token 'sakta' is a form of the Hindi auxiliary verb 'sakna' (can) used in code-mixed Hinglish contexts.	aanchalator toh phir theek hai, aise kisi Ladki ke T-shirt mein kuch bhi kaise daal sakta hai koi?
we	86	ENGLISH	The token 'we' is a standard English pronoun used in all provided examples.	Hi Congress, today do we have Rajiv Gandhi Janma Diwas Sabko Daru Free Party Yojana?
jai	84	HINGLISH	The word 'jai' is a widely used Hindi/Sanskrit word for victory or glory, commonly used in devotional and patriotic phrases in Romanized text.	jaikesarinandan jai shri Ram
di	83	HINGLISH	The token 'di' in these contexts functions as part of Hindi/Hinglish verb forms ('kar di', 'karr di', 'pittal di') or as a Hindi word.	Modi ne Notebandi toh kar di " par hamaare jaise foreveralone engineers ke liye bandi kab dhund dega 0 Kya yahi hai acche din?
saal	83	HINGLISH	llm_call_failed_default:rate-limit: HTTP 429 rate-limit (no Retry-After header in response)	Sonia Gandhi ko pata nahi tha ki 90% dimag ka vikas 5 saal tak ho jaata hai.
dekho	82	HINGLISH	llm_call_failed_default:rate-limit: HTTP 429 rate-limit (no Retry-After header in response)	kaun bole parents ko nahi hai interest unke bete mein :d :d toh bekar mein kyun dekho usse
jaa	81	HINGLISH	The token 'jaa' is the Romanized Hindi verb meaning 'go', used consistently in Hinglish contexts across the examples.	.sagarikaghose haan khush ho jaa Pakistani IndianExpress
kaun	81	HINGLISH	The token 'kaun' is a Hindi interrogative pronoun meaning 'who' or 'which', consistently used in all provided code-mixed sentences.	kaun hai ye zaleel insaan?
waise	81	HINGLISH	The token 'waise' is a Romanized Hindi word meaning 'anyway' or 'in that case', consistently used in Hinglish contexts across all examples.	kamaalrkhan sir ye tweet unko bhej do. Itni Hi-Fi English padh ke wo waise hi suicide kar lega.
ladki	80	HINGLISH	The word 'ladki' is a Romanized Hindi word meaning 'girl'.	iamGunjanGrunge Tharak saale har ladki ko mention karna hai tujhe brawling_virago Atheist_Krishna
sath	80	HINGLISH	The token 'sath' is a Romanized Hindi word meaning 'with'.	RoflGandhi_ infinite_aMy Guru ji ko pehchanne se inkar karne wale logon ko Pakistani visa ke sath passport muft diya jaaye. Pranam.
achha	77	HINGLISH	The token 'achha' is a standard Romanized Hindi word meaning 'good', used consistently across all examples.	iska koi connect nahi tha iske saath, magar achha line hai. Main confused hu ke woh bhai desi hai ya videsi.
samajh	77	HINGLISH	The word 'samajh' is a Hindi word meaning 'understanding' written in Roman script (Hinglish).	Chota bachcha samajh ke humko na aankh dikhaana re.. - Arya Stark AndColorPockeT
thoda	76	HINGLISH	The word 'thoda' is a Romanized Hindi word meaning 'little' or 'a bit', commonly used in code-mixed Hinglish text.	zoomphatak iss baar thoda zyada easy ho gaya
bada	75	HINGLISH	The token 'bada' means 'big' or 'major' in Hindi (Romanized) across all the provided examples.	yaar confess karte ho ya torture . . . itna bada bada confession
arvindkejriwal	74	HINGLISH	Proper noun referring to an Indian politician, commonly used in Romanized Hindi social media discourse.	Sir arvindkejriwal jitni fikar Gujarat ki karte ho uska 10% bhi dilli ki karo to aap ka ad pe kharcha nahi karna padega.
itni	74	HINGLISH	The word 'itni' is a Romanized Hindi word meaning 'so much' or 'this much'.	kisi ne bhi sweter kyu nahi pahna h itni sardi me ? ? :o
paas	74	HINGLISH	The word 'paas' in all provided contexts means 'near' or 'have' in Hindi (written in Latin script).	Ojasism bhai aajkal sab ke paas 4-4 car hai.. Ab to kisi series me Helicopter gift hoga tab maza aayega
aata	73	HINGLISH	The token 'aata' is a form of the Hindi verb 'aana' (to come/know how to), used consistently for Romanized Hindi across all contexts.	MohitParmarr ye kaun se channel par aur kab aata hai? Batao, zara hum bhi toh dekhe!
bana	73	HINGLISH	The word 'bana' is a form of the Hindi verb 'banana' (to make/create) used across all given code-mixed examples.	Dishasatra LOL PJ_CRACKER ROFLaaLa Lala mujhe bhi apni behen bana le please
matlab	73	HINGLISH	The token 'matlab' is a Hindi word meaning 'meaning' or 'you mean', heavily integrated into Romanized Hindi/English code-mixed text.	Trump banne ki koshish.. matlab ab yugpurush ji US Prez ka chunaav ladenge ?? God save America angryoungwoman
bjp	72	HINGLISH	The token 'bjp' is a proper noun (political party name) widely used within Romanized Hindi/English code-mixed social media text.	agar ayesi he baat hai toh peechley 15 saalo se bjp waaley congress ke khilaf apna 'prattyashi' kyu khara kartey thein delhi vidhansabha election mein . . . ?
ja	72	HINGLISH	llm_call_failed_default:rate-limit: HTTP 429 rate-limit (no Retry-After header in response)	KajuBadamChor tu ja naha kar aa TheVacuumHead ShraddhaKapoor
jeet	72	HINGLISH	llm_call_failed_default:rate-limit: HTTP 429 rate-limit (no Retry-After header in response)	Sachai ki jeet hogayi *aankho mein aansoo*
aage	71	HINGLISH	The word 'aage' is a Hindi term meaning 'ahead' or 'forward', commonly used in Romanized Hindi/Hinglish code-mixed text.	Jalne walo jalte raho.. Modi ji aap aage badho.. ModiInDubai
jaise	71	HINGLISH	The token 'jaise' means 'like' or 'as' in Hindi and is commonly used in Romanized Hindi/Hinglish.	mishrashiv Mishra ji ise haathi bol kar haathi jaise achche jeevo ko gaaliya na de nikhil__13 Ra_Bies
pyaar	71	HINGLISH	The token 'pyaar' means love in Hindi and is consistently used in its Romanized Hindi (Hinglish) sense across all examples.	ashutosh83B pyaar bech ke faayda kamate ho.. Dilli ki janta kabhi maaf nahi karegi
dete	70	HINGLISH	The token 'dete' is the Hindi verb form (from dena) meaning 'give' or 'let', used in all provided Romanized Hindi/English code-mixed examples.	slimswamy yehi to hum semjhane ki koshish kar rahe hain. Log to sab kuch ko issi mein tol dete hain. Context: …
tumhe	70	HINGLISH	The token 'tumhe' is a standard Romanized Hindi pronoun meaning 'to you'.	tum ye karoge mere saath? Maine aaj tak tumhe kuch ulta bhi kahan hai? Hadh hoti hai
aapke	69	HINGLISH	The token 'aapke' is a standard Romanized Hindi word meaning 'your'.	.MehrTarar bhabhi India me aapke saare dewar aapko yaad kar rahe hai..
teri	69	HINGLISH	The word 'teri' is a possessive pronoun meaning 'your' in Hindi/Hinglish across all provided examples.	Kanoon ne apna kaam kiya tabhi to teri terrorist beti ko maara. …
uske	69	HINGLISH	The token 'uske' is a Hindi pronoun meaning 'his/her/its' written in Roman script (Hinglish).	LoKarDi_RT uske liye toh bahot kuch karna padega ye pappiyon se kaam nahi chalega ForTheSakeOfHumanity
yaha	69	HINGLISH	The token 'yaha' is a Romanized Hindi word meaning 'here'.	masala_chaas arey yaha to zyada salary wale bhi jalte hai
maa	68	HINGLISH	The token 'maa' represents the Hindi word for mother in all provided code-mixed Romanized Hindi/English contexts.	same here bassss 20 ki jageh 5 milte the maa se . . . . :)
apna	67	HINGLISH	The word 'apna' is a Hindi pronoun meaning 'own', consistently used across all code-mixed examples.	agar ayesi he baat hai toh peechley 15 saalo se bjp waaley congress ke khilaf apna 'prattyashi' kyu khara kartey thein delhi vidhansabha election mein . . . ?
gayee	67	HINGLISH	The token 'gayee' is a Romanized Hindi word meaning 'went' or 'left', used consistently in Hinglish code-mixed sentences.	She wants to see my ration card.. Apne ghar se Bajrangi Bhaijaan ko bheja tha.. Bhool gayee …
if	66	ENGLISH	The word 'if' is a standard English conditional conjunction and appears with this exact function and spelling in all provided English/code-mixed sentences.	So if you think relationships are just about spending money .,.,.. i am glad you don't have any Girlfriend .,., :P
kha	66	HINGLISH	The token 'kha' means 'to eat' in Hindi (derived from 'khana') and is consistently used in Romanized Hindi contexts across the examples.	luncher paaji pehle chai k saath biscuit kha rahe the . .
nai	66	HINGLISH	The token 'nai' is a Romanized Hindi word meaning 'not' (nahin) in all provided examples.	w…ise tu boli nai ki hai kaha se
tripletalaq	66	HINGLISH	The token 'tripletalaq' refers to the South Asian religious/legal term 'triple talaq', written in Romanized Hindi/Urdu code-mixed text.	Besharmi ki hadd hoti hai!! Mahilaon ke naam pe dukaan chalane wale abhi tripletalaq ko support kar rahe hain. Sharia bhi koi cheez h by God!
duniya	65	HINGLISH	llm_call_failed_default:rate-limit: HTTP 429 rate-limit (no Retry-After header in response)	Entertainment sabko free ka hi chahiye hota hai, haaye ye zaalim duniya *wipes a tear*
jnu	65	HINGLISH	llm_call_failed_default:rate-limit: HTTP 429 rate-limit (no Retry-After header in response)	violence abhi shuru kaha hua he " jab vo log vapas Bharat Murdabad ke naare lagate jnu jese " tab violence hota 0
twinitisha	65	HINGLISH	The token 'twinitisha' functions as a hybrid slang/social media term blended into the Romanized Hindi/English code-mixed context.	twinitisha phir to twitter walon ki khush-naseebi hai :)
aaye	64	HINGLISH	The token 'aaye' is a form of the Hindi verb 'aana' (to come), used consistently across the examples in Romanized Hindi contexts.	tere liye maaf, tu jab bhi aaye aur milne ka mood ho toh bata dena. akshaykanitkar MePurplelicious
dono	64	HINGLISH	The word 'dono' is a Romanized Hindi word meaning 'both', used consistently across all examples.	sawlanis2 Gunda raj aur jungle raj dono samapti ki or hai..Bus dekhte jao BJPAheadMGBDead
haath	64	HINGLISH	The token 'haath' is the Romanized Hindi word for 'hand'.	Varun_dvn aur haath kaisa hai bhai. Jyada bhar mat uthana. Parineeti ke sath koi movie to nahi kar rahe na
hamesha	63	HINGLISH	The word 'hamesha' is a standard Hindi word meaning 'always', written in Roman script.	Atheist_Krishna bhai bas kya hamesha Sunny Leone dikhau..
jata	63	HINGLISH	The token 'jata' comes from the Hindi verb 'jaana' (to go) and is used in Romanized Hindi contexts.	Alllahdin sab samajta hu main, pyar mein kabhi kabhi aisa ho jata hai
hahaha	62	ENGLISH	The token 'hahaha' represents universal internet laughter/onomatopoeia, which is commonly used across both English and Hinglish without linguistic shift.	hahaha very nice maine bhi kai bar kiya h .
hogi	62	HINGLISH	The token 'hogi' is the future tense form of the verb 'to be' in Hindi (written in Latin script).	note ye application google playstore se download hogi , toh fake toh ho hi nahi sakti " . . .
kyun	62	HINGLISH	The token 'kyun' means 'why' in Hindi and is written in Romanized form (Hinglish) across all examples.	chatpatidiary tum itne teekhe kyun hote ho mere saath? Kya kiya hai maine?
aati	61	HINGLISH	The token 'aati' is a form of the Hindi verb 'aana' (to come) commonly used in Romanized Hindi/Hinglish.	Gott_Partikel aankh band karte hi shruti hassan nazar aati hai :(
gya	61	HINGLISH	The token 'gya' is a transliteration of the Hindi word 'gaya' (went / happened).	bhai guddu . . kamaal kardi yr . . apne bhai pe gya h tu bilkul .
iamgunjangrunge	61	HINGLISH	no_context_default	
what	61	ENGLISH	The token 'what' is a standard English pronoun used in all provided examples.	it's wednesday !!you know what that means ....new episodes of the challenge: battle of the seasons &amp
hui	60	HINGLISH	The word 'hui' is a form of the Hindi auxiliary verb 'hona' (happened/occurred/completed), used consistently in Romanized Hindi contexts.	Bihar_ke_lala khusi hui tumhara janamdin aaya
sakte	60	HINGLISH	The token 'sakte' is a form of the Hindi auxiliary verb 'sakna' (can/be able to) written in Roman script.	razonater QararaRasha Sindh is not a property of Pakistan . The philosophy is that aap apna Sindh kahin bhi abaad kar sakte hen .
chuka	59	HINGLISH	The token 'chuka' is part of the Hindi auxiliary verb construction ('ho chuka hai', 'jaag chuka hai') in Romanized Hindi.	ye bohot pehle ho chuka hai … Dukhi_Engineer
indiantweeter	59	ENGLISH	The token 'indiantweeter' is a compound of English words ('indian' + 'tweeter') used as a Twitter/X handle or reference.	indiantweeter Jain ration gap ho jaega.
kyaukhaadlega	58	HINGLISH	no_context_default	
lete	58	HINGLISH	llm_call_failed_default:rate-limit: HTTP 429 rate-limit (no Retry-After header in response)	garbage . . yaar tussi har bar dil jeet lete ho kasam se . . kya mast reality har bar saamne late ho . . . apni saari harkate yaad aa jati hai :p :d
logon	58	HINGLISH	llm_call_failed_default:rate-limit: HTTP 429 rate-limit (no Retry-After header in response)	RoflGandhi_ infinite_aMy Guru ji ko pehchanne se inkar karne wale logon ko Pakistani visa ke sath passport muft diya jaaye. Pranam.
notebandi	58	HINGLISH	The token 'notebandi' is a Hindi word written in the Roman script meaning demonetization.	A small farmer in Mahoba " UttarPradesh : matar 6 rs kilo bech raha hun notebandi ke kaaran ! Ab chunaav me batayenge inko 0
chhod	57	HINGLISH	The token 'chhod' is a Romanized Hindi word meaning 'leave' or 'abandon', used consistently in all provided code-mixed sentences.	Bhai kuch kal ke liye bhi chhod de.. RT EconomicTimes KejriwalTakesOath: I hope that India wins the World Cup
haha	57	ENGLISH	The token 'haha' is a universal English/internet expression of laughter used identically across all provided examples.	Lambar_Daar haha bhai subah se idhar udhar ho raha hu MAKKARROMA
kare	57	HINGLISH	The token 'kare' is a form of the Hindi verb 'karna' (to do), commonly used in Romanized Hindi/Hinglish code-mixing.	bhagwan aisi girlfriend sabi ko de . . par start mujhse kare :p
subah	57	HINGLISH	The word 'subah' is the Hindi word for 'morning', used consistently across all code-mixed examples.	Lambar_Daar haha bhai subah se idhar udhar ho raha hu MAKKARROMA
aate	56	HINGLISH	The token 'aate' is a form of the Hindi verb 'aana' (to come) used in Romanized Hindi/Hinglish contexts across all examples.	Isse lag raha hai main ladki hu. Aise DM's aate hai mujhe.
akshaykanitkar	56	ENGLISH	The token 'akshaykanitkar' is a proper noun (a Twitter/social media handle) functioning independently of the surrounding Hindi or English text.	akshaykanitkar Sahi hai, bada aadmi hai tu. Kya chal raha hai? Kab milna?
defucktivehumor	56	HINGLISH	no_context_default	
hamare	56	HINGLISH	The token 'hamare' is a Romanized Hindi word meaning 'our'.	sir hamare ghar me white wash ho rhi thi . isliye copy ghar pe reh gayi :-d
khatam	56	HINGLISH	The word 'khatam' is a Hindi word meaning 'finished' or 'over', written in Romanized form.	Lagta hai Modi ji ka jio wala pack khatam ho Gaya hai tabhi tweet nahi kar rahe RightToPrivacy par JhaSanjay mukeshtiwariji DwaipayanM
nahin	56	HINGLISH	The token 'nahin' is a standard Romanized Hindi word meaning 'not'.	Matlab tum Karishma nahin Raveena ho? Aur woh jo Karishma thi, woh ab kahan ravana hai? …
retardedwriter	56	ENGLISH	The token is a compound of standard English words ('retarded' and 'writer') used as a username or insult in an English-mixed context.	YearOfRat batao aap, kahan milna hai? Alllahdin retardedwriter
tumne	56	HINGLISH	The token 'tumne' is a Romanized Hindi pronoun meaning 'you' (ergative case), commonly used in code-mixed Hinglish text.	Kya tumne kabhi kisi ko DP ke liye follow kiya? Kiyaaa Aur usne tumhe disappoint kiya? Kiyaaa.. Mujhe bhi kiya
aapne	55	HINGLISH	The token 'aapne' is a standard Romanized Hindi word meaning 'you' (honorific) in all provided contexts.	Journo: Laluji, aapne 11 bacche kyon paida kiye? Lalu: Kyonki uske baad hum thak gaye thay.
bohot	55	HINGLISH	The token 'bohot' is a Romanized Hindi word meaning 'very'.	ye bohot pehle ho chuka hai … Dukhi_Engineer
chalo	55	HINGLISH	The token 'chalo' is a widely used Hindi word meaning 'let's go' or 'come on', appearing consistently in Romanized Hindi contexts.	ROFLaaLa BeerOholic chalo plan karte hai
indvssa	55	HINGLISH	The token 'indvssa' is an abbreviation for 'India vs South Africa', a common colloquial shorthand used in South Asian sports discussions.	thats mauke pe chauka ... now no more mauka mauka ads :p indvssa cwc15
jaan	55	HINGLISH	llm_call_failed_default:rate-limit: HTTP 429 rate-limit (no Retry-After header in response)	Chacha jaan ye biwi hai keema paav nahi.
jao	55	HINGLISH	llm_call_failed_default:rate-limit: HTTP 429 rate-limit (no Retry-After header in response)	sawlanis2 Gunda raj aur jungle raj dono samapti ki or hai..Bus dekhte jao BJPAheadMGBDead
bhar	54	HINGLISH	The word 'bhar' means 'whole' or 'throughout' in Hindi (e.g., 'raat bhar', 'hafte bhar') and is a Romanized Hindi term.	tweeting_pal ab bata bhi de kiska.. raat bhar sochte rahenge Insane_chorri HathwalaThakur MeetUunngLee
dena	54	HINGLISH	The word 'dena' means 'to give' in Hindi and is used in Romanized Hindi contexts across all examples.	1 sookha puri aur dena bhaiya
kitne	54	HINGLISH	The token 'kitne' is a Hindi word meaning 'how many' or 'how much', written in Roman script.	kitne dukh ki baat hai na :(
lekin	54	HINGLISH	The word 'lekin' is a common Hindi conjunction meaning 'but' written in the Roman script.	lekin chalk laya kaha se ?
bahar	53	HINGLISH	The word 'bahar' is a Hindi word meaning 'outside' written in Roman script.	use to gate se bahar hote hi utarna compulsory tha . . .
magar	53	HINGLISH	The word 'magar' is a Hindi conjunction meaning 'but', consistently used across all code-mixed examples.	iska koi connect nahi tha iske saath, magar achha line hai. Main confused hu ke woh bhai desi hai ya videsi.
nikal	53	HINGLISH	The token 'nikal' is a Hindi verb (meaning to extract, derive, or come out) written in Romanized form, used consistently across the examples in Hindi/Hinglish contexts.	har cheez ka galat matlab nikal kar ye, galat shalat smmileys bhejti hai. Bahar se sanskaari andar se dhuandhari.
sharma	53	HINGLISH	The token 'sharma' is used both as a proper surname (Kapil Sharma) and as the Hindi verb 'sharma' (to blush), which is typical of Romanized Hindi code-mixing.	Usne bola aapne maan liya . Kapil sharma ne proof diya aapko aur chaiye .. Army ne surgicalstrike ki apko saboot chaiye . U need break
walo	53	HINGLISH	The token 'walo' (derived from Hindi 'vale/wale') is a Romanized Hindi suffix meaning 'those who' or 'belonging to'.	Jalne walo jalte raho.. Modi ji aap aage badho.. ModiInDubai
aajkal	52	HINGLISH	The word 'aajkal' is a common Hindi word meaning 'nowadays', written in Roman script.	Ojasism bhai aajkal sab ke paas 4-4 car hai.. Ab to kisi series me Helicopter gift hoga tab maza aayega
aane	52	HINGLISH	The token 'aane' is the inflected form of the Hindi verb 'aana' (to come), used consistently across the examples.	cha cha ? ab seedha Trump nazar aane laga ? Kasab se Trump tak ?
aisi	52	HINGLISH	The word 'aisi' is a Romanized Hindi word meaning 'such' or 'like this'.	Subah cheez hi aisi hai, mujhe raat pasand hai
baap	52	HINGLISH	The word 'baap' is a Hindi word meaning 'father', commonly used in Romanized Hindi/Hinglish text across these examples.	baap bda na , bhiya , , sbse bda rupaiya h aj k liye . . . . . .
itne	52	HINGLISH	The token 'itne' is a Romanized Hindi word meaning 'so many' or 'this much', used consistently in Hindi-English code-mixed contexts.	mai to itne games me b bas ninja turtles , street fighter , car race and mario khel kar khush tha baki games par dhyan dene ka tym kiske pas tha :-d
jio	52	PENDING_MANUAL_REVIEW	While 'Jio' originates as a brand name/proper noun for the Indian telecom company, in these Romanized texts it functions seamlessly in both English-mixed and Hindi-mixed sentences without changing its core identity.	Lagta hai Modi ji ka jio wala pack khatam ho Gaya hai tabhi tweet nahi kar rahe RightToPrivacy par JhaSanjay mukeshtiwariji DwaipayanM
sach	52	HINGLISH	The word 'sach' means 'truth' in Hindi, commonly used in Romanized Hindi/Hinglish code-mixed text.	Singhlicious ye sach hai milord
usse	52	HINGLISH	llm_call_failed_default:rate-limit: HTTP 429 rate-limit (no Retry-After header in response)	usse dikkat nahi.. dikkat dikhawa ka hai
your	52	HINGLISH	llm_call_failed_default:rate-limit: HTTP 429 rate-limit (no Retry-After header in response)	someUSER congratulations on you celebrating british kid singers sophia grace's and rosie's 1st anniversary of a visit of your show . how
aapko	51	HINGLISH	The token 'aapko' is a Hindi pronoun in the dative case written in the Latin script (Hinglish), meaning 'to you'.	Miss u msd " aadat ho gayi hai aapko captain dekhte hue .. Dhoni
arre	51	HINGLISH	Arre is a common Hindi interjection used to express surprise, attention, or emotion.	KyaUkhaadLega arre 14th thi na ghar wapasi? Koi na call karta hu shaam mein baat karte hai
dekha	51	HINGLISH	The token 'dekha' is the Hindi verb for 'saw/watched', used consistently across the examples in a Romanized Hindi (Hinglish) context.	mast hai.. aap bhi dekha karo.. daru ki zarurat nahi padti phir
gurmeetramrahim	51	HINGLISH	The token 'gurmeetramrahim' refers to a specific Indian religious figure and is used in Romanized Hindi/English code-mixed context alongside Hindi phrases.	gurmeetramrahim MSGHumanityCamps Dhan Dhan Satguru Tera Hi Aasra Papa G
hathwalathakur	51	HINGLISH	The token is a username or handle composed of Hindi words (hathwala thakur), typical in Hinglish social media context.	bizzarebhide hathwalathakur thoda 5 Star khao, phir doodh piyo, thoda khao, thoda piyo. Dono ka taste enhance ho jayega. try it :)
khush	51	HINGLISH	The token 'khush' means 'happy' in Hindi, written in Romanized form (Hinglish) across all examples.	mai to itne games me b bas ninja turtles , street fighter , car race and mario khel kar khush tha baki games par dhyan dene ka tym kiske pas tha :-d
shuru	51	HINGLISH	The token 'shuru' is a standard Romanized Hindi word meaning 'start' or 'beginning'.	Lala_The_Don abb Bihar mein achha waqt shuru GoodByeNitishKumar
chale	50	HINGLISH	The token 'chale' is a Hindi verb meaning 'to go/went', used in all provided Romanized Hindi-English code-mixed example sentences.	Sab khana kha ke daru pee chale gaye..
rakha	50	HINGLISH	The token 'rakha' is a form of the Hindi verb 'rakhna' (to keep), used across the examples in Romanized Hindi/Hinglish contexts.	HiighBeta aaj vrat rakha hai ?
aapki	49	HINGLISH	The token 'aapki' is a standard Romanized Hindi possessive pronoun meaning 'your', used consistently across all examples.	narendramodi ji ab bhot hogya " ham aapki har baat maan rhe h aap bhi hamari ek baat manlo " ab bullet ki jagah bullet hi khilao 0 MannKiBaat
bina	49	HINGLISH	The word 'bina' means 'without' in Hindi and is commonly used in Romanized Hindi/Hinglish code-mixed text.	Jin logon ko FAN ke bina neend nahi aati woh movie zaroor dekhein, isse unhe neend aajayegi.
cheez	49	HINGLISH	The word 'cheez' is a Romanized Hindi word meaning 'thing'.	Subah cheez hi aisi hai, mujhe raat pasand hai
daaru	49	HINGLISH	The word 'daaru' is a Romanized Hindi term meaning alcohol, used consistently in all provided examples.	Please follow SaleemChikna & sayshardik, ye log free mein daaru pilaate hai. AaiShappath
jaldi	49	HINGLISH	The word 'jaldi' is a Hindi word meaning 'quickly' or 'fast', written in Roman script (Hinglish).	bhai itna time kyun lete ho cartoon post karne mein . . . . . . . . . . . . please jaldi kiya karo
kuchh	49	HINGLISH	The word 'kuchh' is a Romanized Hindi word meaning 'some' or 'anything'.	jdshastri26 hahaha uske baad to kuchh bachta hi nahi hai.
hogaya	48	HINGLISH	The token 'hogaya' is a Romanized Hindi word meaning 'happened' or 'done'.	YouDontKnowWho_ kya hogaya aisa?
karke	48	HINGLISH	llm_call_failed_default:rate-limit: HTTP 429 rate-limit (no Retry-After header in response)	narendramodi arunjaitley "Sir GST rate cut ka fayda Consumer ko nahi mil raha "hai trader base price up karke usi price par bechta hai
kohli	48	HINGLISH	llm_call_failed_default:rate-limit: HTTP 429 rate-limit (no Retry-After header in response)	MaryaamShakeel Aaj to kohli tum logo ko akele pela hai , socho zara jb 125 crore log pelenge tab kya hoga ..? IndvsPak
muh	48	HINGLISH	The token 'muh' represents the Hindi word for mouth ('muh' or 'muh me').	surgicalstrikes Duniyan ne loha mana hai .. gadaro aur deshdrohio ki tolly me hahakar hai . Aur dusman muh chipa kar dar se saham gaya hai .
aao	47	HINGLISH	The token 'aao' is a Hindi verb meaning 'come', used consistently in Romanized Hindi contexts.	BDUTT AmanKayamHai Grow up Bharkha ... It's too much now . Bharat mai kahi shaktiman hai joo aaj bhi problem mai hai ... Whaha Jaa kar aao
deta	47	HINGLISH	The token 'deta' is a form of the Hindi verb 'dena' (to give), used here in code-mixed contexts like 'phenk deta' and 'hoshiyari deta hai'.	LOL, phenk deta to bechare ka phir kat jaata bill, isiliye lauta diya chup chaap. EkBhaiKeLiye
gaali	47	HINGLISH	The word 'gaali' is a standard Romanized Hindi word meaning abuse or curse word, consistently used in the Hindi-English code-mixed examples.	jnsbmi Modi ko gaali diye bina Nitish ji ka khana kaise hazam hoga unka GoodByeNitishKumar
galat	47	HINGLISH	The word 'galat' means 'wrong' in Hindi and is written in Roman script (Hinglish) across all examples.	Modi ji .....ye galat baat hai jo aapn 3 crore ka stage lagwa raha han ..... please think about it
isse	47	HINGLISH	'isse' is a Romanized Hindi word meaning 'from this' or 'with this', used across all provided code-mixed sentences.	Jin logon ko FAN ke bina neend nahi aati woh movie zaroor dekhein, isse unhe neend aajayegi.
uska	47	HINGLISH	The word 'uska' is a possessive pronoun in Hindi meaning 'his', 'her', or 'its', used consistently across all examples in the Romanized Hindi/Hinglish context.	_Agathist jiska koi nahi uska khuda hai
witchybitchygal	47	ENGLISH	The token is a Twitter/social media handle name, which is formed from English words ('witchy', 'bitchy', 'gal').	akshaykanitkar Bajate Raho !! witchybitchygal
haar	46	HINGLISH	The token 'haar' in these contexts means defeat or losing in Hindi ('haar jaaen', 'Mili haar hi').	Babu_Bhaiyaa KyaUkhaadLega Sir hamara kya hoga hum bhii na haar jaaen kahi
janta	46	HINGLISH	The word 'janta' means public or people in Hindi and is written in Romanized form in all the examples.	ashutosh83B pyaar bech ke faayda kamate ho.. Dilli ki janta kabhi maaf nahi karegi
jaye	46	HINGLISH	The word 'jaye' is a form of the Hindi verb 'jana' (to go) commonly used in Romanized Hindi/Hinglish constructions.	Ye tir kahi Ravan ko miss kar ke kisi aamadmi ko naa lag jaye " samhhal ke mariyega sir. Notebandi and Gst ki tarah misfire na ho jaye.
khushi	46	HINGLISH	The token 'khushi' is a Hindi word meaning happiness, used in Romanized form in all the provided examples.	Did Arun Lal say, "Ye dekhiye Bangladeshi player khushi se apne andkosh takra rahe hain"
kitna	46	HINGLISH	The word 'kitna' is a standard Romanized Hindi word meaning 'how much'.	Phir toh Swiss bank me kitna Paisa Hai wo bhi RightToPrivacy hoga ?
mila	46	HINGLISH	The token 'mila' comes from the Hindi verb 'milna' (to get/receive) and is consistently used in the Hindi/Hinglish contexts of the provided sentences.	Shukriya Bhaijaaaaan... Mere bday pe aj tak mila huva Sabse pyara tohfa.... Bajrangi Bhaijaaaaan....
soch	46	HINGLISH	The word 'soch' translates to 'thought' or 'mindset' in Hindi, commonly used in Romanized Hindi/Hinglish contexts.	YearOfRat retardedwriter Alllahdin aankhein bandh hogayi thi abhi 5 minute pehle, phir wohi soch aayi "aaj raat time se sojaunga'
when	46	ENGLISH	The word 'when' is a standard English conjunction/adverb and does not change its linguistic identity or usage in these contexts.	RT helloanand : Brilliant answer by Dhoni when a media guy asked about his retirement -
saare	45	HINGLISH	llm_call_failed_default:rate-limit: HTTP 429 rate-limit (no Retry-After header in response)	kuch nahi samjha kabhi, itne saare cheezon se deal karna aata toh shayad life mein succesfull hota.
they	45	HINGLISH	llm_call_failed_default:rate-limit: HTTP 429 rate-limit (no Retry-After header in response)	Champ_Nikk bilkul sahi..Bihar may achhe din toh aaney he they GoodByeNitishKumar
zindagi	45	HINGLISH	The word 'zindagi' means 'life' in Hindi, written in the Roman script (Hinglish).	Phone ka wallpaper dekhte dekhte zindagi kat rahi hai.
bilkul	44	HINGLISH	The word 'bilkul' is a Hindi/Urdu word meaning 'completely' or 'absolutely', commonly used in Romanized Hindi (Hinglish).	Champ_Nikk bilkul sahi..Bihar may achhe din toh aaney he they GoodByeNitishKumar
bolshoybooze	44	HINGLISH	The token is a combination of Romanized Hindi words ('bol'/'bada' play or stylized internet slang) used within a Hindi/Hinglish sentence structure.	bolshoybooze ye aapka badappan hai bhai :) hum to jeevan ki aapa-dhapi mein fanse hain.
hona	44	HINGLISH	The token 'hona' is the Hindi verb for 'to be/happen' written in the Roman script across all provided examples.	TripleTalaq ho ya Divorce usshme koi matvate /Rajnetic Na hona chahiye. Mahilayo ke ke liye sharaph ke saman hi hai. Triple Talaq ko roke.
naa	44	HINGLISH	The token 'naa' is predominantly used as the Hindi negative particle or emphatic marker (meaning 'no' or 'not') in these Romanized contexts.	Gauribee naa gori naa
tumhara	44	HINGLISH	The word 'tumhara' is a Romanized Hindi pronoun meaning 'your', used consistently across all examples.	Bihar_ke_lala khusi hui tumhara janamdin aaya
dishasatra	43	HINGLISH	The token 'dishasatra' is a Romanized Hindi/Sanskrit-derived term meaning 'direction' or 'orientation', used in a code-mixed context.	simple hai yaar sirf @ laga kar dishasatra
jaate	43	HINGLISH	The token 'jaate' is a form of the Hindi auxiliary verb 'jana' (to go, used here for passive voice construction), consistently used in Romanized Hindi/Hinglish contexts.	Jis team ke paas aise top 4 ho, use baki ke 7 players bonus me kyu diye jaate hain! RCBvDD
jyada	43	HINGLISH	The word 'jyada' is a Romanized Hindi word meaning 'more' or 'too much', used consistently across the examples.	trump must be so envious of kejriwal .. Sochta hoga aisa kya karta Hai ye aam aadmi ki mujhse jyada trend ho raha hai
kharab	43	HINGLISH	The word 'kharab' is a Hindi word meaning 'bad' or 'ruined', written in the Roman script (Hinglish).	Amit "Shahji Haryana mein Suraksha ki taraf Dhyan dijiye. Rape ke case bahut badh gaye hain. Party ki image kharab ho rahi hai
mata	43	HINGLISH	The word 'mata' means mother in Hindi, frequently used in the context of 'Bharat Mata' (Mother India) in the provided sentences.	Bharat mata ki jai …
pasand	43	HINGLISH	The word 'pasand' is a Hindi word meaning 'liked' or 'favorite', written in Roman script.	Subah cheez hi aisi hai, mujhe raat pasand hai
aadmi	42	HINGLISH	The word 'aadmi' is a direct transliteration of the Hindi word for 'man' or 'person', used consistently across all examples.	akshaykanitkar Sahi hai, bada aadmi hai tu. Kya chal raha hai? Kab milna?
dene	42	HINGLISH	The token 'dene' is a Hindi infinitive/inflected verb form meaning 'to give', used consistently across the examples in Romanized Hindi contexts.	mai to itne games me b bas ninja turtles , street fighter , car race and mario khel kar khush tha baki games par dhyan dene ka tym kiske pas tha :-d
tarah	42	HINGLISH	The word 'tarah' is a Hindi word meaning 'manner' or 'like', written in Roman script (Hinglish).	Are beimano SurgicalStrike pe tumhi log Pakistan ki tarah evidence mang rahe thena ??? Tumhara Fake Emotion sab Hindustani jan chuke he ab !
uski	42	HINGLISH	The word 'uski' is a Romanized Hindi pronoun meaning 'his' or 'her', used consistently across the given code-mixed sentences.	himanshujainon DrGarekar ashvasant are bhai uski biwi ne mana kia tha . He is innocent otherwise like # kanhaiya , poor student of JNU
yearofrat	42	HINGLISH	no_context_default	
dekhne	41	HINGLISH	llm_call_failed_default:rate-limit: HTTP 429 rate-limit (no Retry-After header in response)	Phone dekhne mein taqleef hai kya?
jaata	41	HINGLISH	llm_call_failed_default:rate-limit: HTTP 429 rate-limit (no Retry-After header in response)	LOL, phenk deta to bechare ka phir kat jaata bill, isiliye lauta diya chup chaap. EkBhaiKeLiye
jagah	41	HINGLISH	The word 'jagah' is a Hindi word meaning 'place' or 'spot' written in Roman script.	whycarewho kone wale plot me jagah zyada hoti hai :)
khana	41	HINGLISH	The token 'khana' means food in Hindi and is consistently used with that meaning across all the code-mixed examples.	Sab khana kha ke daru pee chale gaye..
nitish	41	HINGLISH	The token 'nitish' refers to a specific Indian politician (Nitish Kumar) and is a proper name standardly used within the context of Romanized Hindi code-mixed social media text.	PoojaMissra pure Bihar ke tukde kar diye hai nitish neFailedCMNitish
singh	41	HINGLISH	"Singh" is a traditional Indian surname/name widely used in Hindi and South Asian contexts, even within English-scripted text.	atibir singh Thanks for the follow !
aayega	40	HINGLISH	The token 'aayega' is a standard Romanized Hindi verb meaning 'will come' across all provided contexts.	... abhi aayega rukiye " mehrishisumati : Once upon a time there was a hashtag RailBudget2015 "
baaki	40	HINGLISH	The word 'baaki' means 'remaining' or 'rest' in Romanized Hindi/Hinglish.	Happy Birthday Dhoni & Hello to Sakshi bhabhi. Aur baaki sab khairiyat?
bhaijaan	40	HINGLISH	The token 'bhaijaan' is a Hindi/Urdu term meaning brother, used heavily in South Asian cultural contexts.	"Aaj mein bohot khush hu.. pehli baar sau ka note dikhaya bhaijaan ne.. " TweetLikeAPakistani
dekhna	40	HINGLISH	The token 'dekhna' is a Hindi verb meaning 'to watch' or 'to see', written in Romanized form (Hinglish).	PoojaMissra TV par news channels dekhna ab ho gaya hai bekaar.. thanks to presstitutes like FarziPatrakarRavishKumar
diwali	40	HINGLISH	The word 'diwali' refers to the Indian festival and is used in Romanized Hindi contexts across all examples.	MeThePooh 2-2 diwali kismat waale hain bihar wale.... GoodByeNitishKumar
his	40	ENGLISH	The token 'his' is a standard English possessive pronoun used consistently across all provided English and code-mixed sentences.	RT helloanand : Brilliant answer by Dhoni when a media guy asked about his retirement -
how	40	ENGLISH	The token 'how' is a standard English interrogative and relative adverb in all the provided examples.	someUSER congratulations on you celebrating british kid singers sophia grace's and rosie's 1st anniversary of a visit of your show . how
likha	40	HINGLISH	The token 'likha' is the standard Romanized Hindi word for 'written'.	dan1shmemon bhai theek se padh kya likha hai plz
naya	40	HINGLISH	The word 'naya' means 'new' in Hindi and is written in Romanized Hindi across all given examples.	Share karo market mein naya aaya hai
rha	40	HINGLISH	The token 'rha' is a common Romanized Hindi auxiliary verb component (part of 'raha') indicating continuous tense.	Lag rha hai aaj Rahul Gandhi Zimbabwe ka Support kr rhe the . WhereIsRahulGandhi WhereIsRahul
sabko	40	HINGLISH	The word 'sabko' is a Hindi term meaning 'to everyone', commonly used in Romanized Hindi/Hinglish.	Entertainment sabko free ka hi chahiye hota hai, haaye ye zaalim duniya *wipes a tear*
sabse	40	HINGLISH	The token 'sabse' is a Hindi word meaning 'most' or 'everyone' written in Roman script.	Agar aur ek meeting ho gayi toh recession bhi sabse pehle aa jaega. GST
tumhari	40	HINGLISH	llm_call_failed_default:rate-limit: HTTP 429 rate-limit (no Retry-After header in response)	Tweepshikha toh mujhe laga tumhari bhi shakal hogi usmein kahin :-/
iske	39	HINGLISH	llm_call_failed_default:rate-limit: HTTP 429 rate-limit (no Retry-After header in response)	iska koi connect nahi tha iske saath, magar achha line hai. Main confused hu ke woh bhai desi hai ya videsi.
lagi	39	HINGLISH	The word 'lagi' is derived from Hindi (meaning felt or struck, as in hunger or realization) and is commonly used in Romanized Hindi/Hinglish.	Babu_Bhaiyaa mujhe bhi dena zara 5 rs ke.. Bhookh lagi hai
pls	39	ENGLISH	The token 'pls' is an abbreviation for the standard English word 'please' and is used as such across all given examples.	narendramodi TripleTalaq ke "baad "sir ab dahej ke against kuch kade kanoon "banaiye pls address this problem.
samaj	39	HINGLISH	The token 'samaj' is a Hindi word meaning 'understanding' written in Roman script (Hinglish).	bhai angreji batao na kuch.. kuch samaj ni aa raha
suna	39	HINGLISH	The token 'suna' translates to 'heard' in Hindi (from sunna) and is used in a Romanized Hindi/Hinglish context across the examples.	Bahot time baad suna ye! Achha laga
alag	38	HINGLISH	The word 'alag' is a standard Hindi word (meaning 'different') commonly used in Romanized Hindi/Hinglish text.	ye AapGhumaKeLeLo aur AndColorPockeT alag level hai bhai, wahan nahi pahonch sakta koi! Alllahdin
ap	38	HINGLISH	The token 'ap' is a Romanized Hindi word meaning 'you' (respectful form 'aap'), consistently used in this context.	ayazsamoo Bhai ap ke tweet is tension k mahool me hasane ka kaam kr rahe hai ...! 😂😂😂😉😉😉Keep tweeting !!!
bhaiya	38	HINGLISH	The token 'bhaiya' is a standard Hindi term used to address an elder brother or a male acquaintance, commonly used in code-mixed Hinglish text.	1 sookha puri aur dena bhaiya
diye	38	HINGLISH	The token 'diye' is a form of the Hindi verb 'dena' (to give/made) used consistently across all code-mixed sentences.	PoojaMissra pure Bihar ke tukde kar diye hai nitish neFailedCMNitish
hey	38	ENGLISH	The word 'hey' is an English greeting/interjection used across all provided code-mixed sentences.	hey bhagwan ...yeh movies bachcho ka satyanash kar rahi hain ..:-o :o
jaati	38	HINGLISH	The token 'jaati' is a Romanized Hindi verb meaning 'goes' or is the feminine form of a passive verb suffix, used consistently in all examples as part of Hindi/Hinglish verb constructions.	Rialisticme ek bechare ladke ki khushi nahi dekhi jaati tumse?
karti	38	HINGLISH	The token 'karti' is a form of the Hindi verb 'karna' (to do), commonly used in Romanized Hindi/Hinglish.	my story ws totally opposite ... maa mana karti thi n papa paise dete thhe ... alwez ... :)
khel	38	HINGLISH	The token 'khel' is a standard Hindi word (meaning 'game' or 'playing') written in Roman script.	mai to itne games me b bas ninja turtles , street fighter , car race and mario khel kar khush tha baki games par dhyan dene ka tym kiske pas tha :-d
pak	38	HINGLISH	In all provided context examples, 'pak' is used as a standard abbreviation for Pakistan in Romanized Hindi/Urdu code-mixed social media text.	Anoushey_a pak out ho chuka hai aus r kiwi se jeetna namomkin
plz	38	ENGLISH	The token 'plz' is a standard English internet slang abbreviation for 'please'.	dan1shmemon bhai theek se padh kya likha hai plz
virat	38	HINGLISH	The token 'virat' refers to the proper name Virat Kohli within Romanized Hindi/English code-mixed social media context.	Amazing .. virat dhoni ko fail kar diya aaj harmanpreet ki is WomensWorldCup 2017 k Semifinal ki shandar pari ne .. hatsoff 0 AUSvIND
vo	38	HINGLISH	The token 'vo' translates to 'that' or 'those' in Hindi/Hinglish across all provided examples.	guddu bhai vo jo 26 january ko laddu miltey they uska kuch banao kabhi . . . vo telwaley moti bundi ke laddu . . . taste ab tak nahi bhoolta :))
waqt	38	HINGLISH	llm_call_failed_default:rate-limit: HTTP 429 rate-limit (no Retry-After header in response)	faisal bhai ....itna waqt kyu lagate ho apne fans se mukhatib hone mein ..
badi	37	HINGLISH	llm_call_failed_default:rate-limit: HTTP 429 rate-limit (no Retry-After header in response)	Haha, awaaz zyada badi aati hai. Na?
baje	37	HINGLISH	The word 'baje' is a Hindi word meaning 'o'clock', commonly used in Romanized Hindi/Hinglish contexts for telling time.	Sorry, mujhe laga raat ke 11.30 baje hai.
chala	37	HINGLISH	The token 'chala' is a form of the Hindi verb 'chalna' (to go or manage), used in Romanized Hindi contexts.	tweeting_pal Isiliye aajkal koi kuch bhi bol ke chala jata hai.. Lagta hai purane bolshu ko phir se laana padega..
jaane	37	HINGLISH	The token 'jaane' is derived from the Hindi verb 'jana' (to go) or means 'who knows', used in Romanized Hindi contexts.	DrShobha Maam mausam achcha hai.. To socha ghoomne jaane se pehle pooch luBDUTT ChouhanShivraj
maza	37	HINGLISH	The word 'maza' (fun/enjoyment) is widely used in Romanized Hindi (Hinglish) across all provided examples.	chalk churane ka bhi apna maza tha . . :)
modiji	37	HINGLISH	The token 'modiji' refers to the Indian Prime Minister Narendra Modi with the Hindi honorific suffix '-ji', commonly used in Romanized Hindi/Hinglish social media discourse.	So muglikar_ ko economist banana tha isliye modiji ne desh ko gareeb banaya. Ab samza DeMonetisation aur GST ka game.
saari	37	HINGLISH	The word 'saari' in these contexts is a Romanized Hindi word meaning 'all' (feminine).	Mall me saari ladkiyan achchi lagti hai GuyFacts
shaam	37	HINGLISH	The word 'shaam' is a Romanized Hindi word meaning 'evening', used consistently across all examples.	Ankit LOL ne Arnab ko Modi ka kutta bola . shaam ko maza
achhi	36	HINGLISH	The token 'achhi' is the Romanized Hindi word for 'good'.	Toh phir toh achhi baat hai nahi, mitthaiyan khilao!
him	36	ENGLISH	The token 'him' is a standard English pronoun used identically across all provided contexts.	He cries and cries and cries becoz u wnt let him do it ? Did you say you were seeing a \ " guy\ " ? ;)
holi	36	HINGLISH	The word 'holi' refers to the Indian spring festival of colors, widely used in Hindi/Hinglish contexts like 'bura na mano holi hai'.	Atheist_Krishna aur agar aaj koi kuch bola to "bura na mano holi hai" bhaiyyajispeaks
jayega	36	HINGLISH	The token 'jayega' is a Romanized Hindi verb meaning 'will go'.	surgicalStrike bhul gyi ? Border ki baat krti hai .... Hum hindustaniyo mein kitna protien hai aj pta chal jayega ....
lage	36	HINGLISH	The token 'lage' is part of Hindi verbal idioms like 'lage pade hai' or 'lage huwe ho', meaning engaged or busy.	sailorsmoon Poore India wale lage pade hai.. yaayyy
aana	35	HINGLISH	The token 'aana' translates to the Hindi verb 'to come' (आना) in all the provided Romanized Hindi/English code-mixed context examples.	matlab 28 or 29 me se kis din aana hai..
abe	35	HINGLISH	The token 'abe' is a common colloquial Hindi slang word used to address someone informally.	Fussy_Ca abe 3000 me lee hai maine
baki	35	HINGLISH	The word 'baki' means 'remaining' or 'rest of' in Hindi/Hinglish across all the provided examples.	mai to itne games me b bas ninja turtles , street fighter , car race and mario khel kar khush tha baki games par dhyan dene ka tym kiske pas tha :-d
daal	35	HINGLISH	The token 'daal' is used in all examples as a Romanized Hindi word meaning 'to put/pour' or referring to the lentil dish ('daal'), which is culturally and linguistically Hinglish in these contexts.	aanchalator toh phir theek hai, aise kisi Ladki ke T-shirt mein kuch bhi kaise daal sakta hai koi?
dost	35	HINGLISH	llm_call_failed_default:rate-limit: HTTP 429 rate-limit (no Retry-After header in response)	jabatdast dost . . . . 1 page me rula diya yaar . . . . . kamaal hai . . . . superb nd hatss off to ur crearivity . . .
jaaye	35	HINGLISH	llm_call_failed_default:rate-limit: HTTP 429 rate-limit (no Retry-After header in response)	Tum chahte ho mujh par police case ho jaaye <\3 :'(
karega	35	HINGLISH	The token 'karega' is the future tense form of the Hindi verb 'karnā' (to do), commonly used in Romanized Hindi/Hinglish.	sonakshisinha bhai indiantweeter ab tu naye naye account bana ke sona ko pareshan karega !!!
padega	35	HINGLISH	The token 'padega' is a Romanized Hindi verb form (पड़ेगा/padega, meaning 'will have to') used in code-mixed text.	LoKarDi_RT uske liye toh bahot kuch karna padega ye pappiyon se kaam nahi chalega ForTheSakeOfHumanity
zara	35	HINGLISH	The word 'zara' is a Hindi word meaning 'a little', commonly used in Romanized Hindi/Hinglish.	MohitParmarr ye kaun se channel par aur kab aata hai? Batao, zara hum bhi toh dekhe!
acha	34	HINGLISH	The token 'acha' is a common Romanized Hindi word meaning good or okay, used consistently across the examples.	Misbah to Butler: Kuch acha sa khila do yaar, haar gaye! :( Shoaib Akhter: Tu Rehem Kha, Rehem. Usi ke layak hai AUSvPAK
batao	34	HINGLISH	The token 'batao' is the Hindi verb meaning 'tell' or 'explain', written in the Roman script (Hinglish).	bhai angreji batao na kuch.. kuch samaj ni aa raha
dilli	34	HINGLISH	The token 'dilli' is the Romanized Hindi name for the city of Delhi.	KajuBadamChor kya baat kaju, main aaj kal dilli mein hu. Kabhi aana ho toh bata
honge	34	HINGLISH	The word 'honge' is a Romanized Hindi form of 'הungē/honge' (will be), commonly used in code-mixed Hindi-English text.	MissKhushiSen mujhe laga sab bhool gaye honge SENTI
isiliye	34	HINGLISH	The token 'isiliye' is a Romanized Hindi word meaning 'therefore' or 'that's why', consistently used as such across all examples.	LOL, phenk deta to bechare ka phir kat jaata bill, isiliye lauta diya chup chaap. EkBhaiKeLiye
rhe	34	HINGLISH	The token 'rhe' is a Romanized Hindi auxiliary verb component (from 'rahe', meaning 'are/were') used in continuous tense across all provided code-mixed sentences.	Aaj kal Jitne Bhi teaser trailer Youtube pr Record tod rhe hai Sb Jio ki meharbaani hai
roz	34	HINGLISH	The word 'roz' is a Hindi word meaning 'daily' or 'every day', consistently used as such in Romanized Hindi/English code-mixed contexts.	FaaduTweets American English bro, har roz kisi na kisi ko bolna padta hai twinitisha
she	34	ENGLISH	The token 'she' is a standard English pronoun used across all the provided example sentences.	i love my girl evelyn at work she switched shifts with me saturday:)
upar	34	HINGLISH	The token 'upar' is a Hindi word meaning 'above' or 'on', commonly used in Romanized Hindi/Hinglish.	Apake upar bharosa hai.. ..bhai! Aap koi galat kam nahi kar sakte.. .. !
waah	34	HINGLISH	"Waah" is a common Hindi exclamation of praise or admiration used in Romanized Hindi/Hinglish text across all provided examples.	sunny_congress are waah !! ..... dharti maa ka yaad ... supperb tu sawa sher h
wapas	34	HINGLISH	The token 'wapas' is a Hindi word meaning 'back' or 'return', commonly used in Romanized Hindi/Hinglish.	Khawaja Mere Khawaja chal wapas chale jaa IndvsAus
bhagwan	33	HINGLISH	The token 'bhagwan' is a Hindi word meaning 'God' written in the Roman script across all examples.	hey bhagwan ...yeh movies bachcho ka satyanash kar rahi hain ..:-o :o
coolfunnytshirt	33	ENGLISH	The token is a Twitter handle/username comprised of standard English words (cool, funny, tshirt).	RT coolfunnytshirt : Maine daant tod dena hai Arnab ke agar aur kisi ka resignation maanga toh !!!
galti	33	HINGLISH	llm_call_failed_default:rate-limit: HTTP 429 rate-limit (no Retry-After header in response)	"Arey galti ho gayi. Agli baar tere se puch kar karunga. Ab kya bhai se baat bhi nahi karega"
her	33	ENGLISH	The token 'her' is a standard English pronoun functioning identically across all provided contexts.	341 : Best part of the placement orientation was that hot Matki Chick . Really wanna hook up with her . Suggest a way .
jana	33	HINGLISH	The token 'jana' in these contexts is the Romanized Hindi verb for 'to go'.	arre papa ko office nhi jana kya ? ?
kaafi	33	HINGLISH	The token 'kaafi' is a Hindi word (meaning 'enough' or 'quite') written in Roman script.	Bas aise hi reviews ki zaroorat hai, kaafi protsahan milta hai in baaton se.
ladkiyon	33	HINGLISH	The word 'ladkiyon' is the plural oblique form of the Hindi word 'ladki' (girl) written in Roman script.	30 din se continuously swimming pool ja raha hoon. Aur in ladkiyon ne ek bhi din chhutti nahi ki. Kal se band karna padega.
nitishkanaklivikas	33	HINGLISH	no_context_default	
rahulgandhi	33	HINGLISH	no_context_default	
wahi	33	HINGLISH	The token 'wahi' is a Romanized Hindi word meaning 'the same' or 'right there', used consistently in the given code-mixed context.	aur free wifi bhi wahi hai. Lol
warna	33	HINGLISH	The word 'warna' is a common Hindi word meaning 'otherwise'.	gaali dena kam kar diya hai maine yahan, warna ek badi wali zaroor deta, mauka bhi hai aur dastoor bhi, chutiye bhare hai
andar	32	HINGLISH	The word 'andar' is a standard Hindi word meaning 'inside', used consistently across all code-mixed examples.	har cheez ka galat matlab nikal kar ye, galat shalat smmileys bhejti hai. Bahar se sanskaari andar se dhuandhari.
bolta	32	HINGLISH	The token 'bolta' is a conjugated form of the Hindi verb 'bolna' (to speak) used in Romanized Hindi/Hinglish.	BolshoyBooze Shakti bechara kabhi kuch bolta nahi hai, he is like a husband eve n before marriage.
bolte	32	HINGLISH	The word 'bolte' is the Hindi verb for 'speak' or 'say' written in the Roman script.	shubhansh1504 jab koi bahana nahi hota to bolte hai 'server down hai'
iska	32	HINGLISH	The token 'iska' is a Hindi pronoun meaning 'its' or 'his/her' written in the Roman script.	iska koi connect nahi tha iske saath, magar achha line hai. Main confused hu ke woh bhai desi hai ya videsi.
kahin	32	HINGLISH	The token 'kahin' is a Hindi word meaning 'somewhere' or 'anywhere', used consistently across the code-mixed examples.	kahin tu whi tom boy typ ladki to nhi jiske bare me kal ek ladke ne confession post kia tha ? ? ? ? ? ? ? ? ? ? ? ? ? ? ? ? ? ? ? lol
karenge	32	HINGLISH	The token 'karenge' is a conjugated form of the Hindi verb 'karna' (to do) used in Romanized Hindi/Hinglish.	4pm baje karenge . direct baat mere saath . this is what bogg bosss siad rightly
kiye	32	HINGLISH	The word 'kiye' is a form of the Hindi verb 'kiya' (done/cleared), used here in Hinglish phrases like 'door kiye' and 'copy kiye'.	Barn_sparrow Aapko doubt hai.. Apna phone number dijiye.. Abhi doubt door kiye dete hai
leke	32	HINGLISH	The token 'leke' is a Hindi verb form (meaning 'taking' or 'bringing') written in the Roman alphabet.	Aj ya windies larkia leke jaegi ya boys .. :) WT20 WIvENG AusWvWIW WT20Final
our	32	ENGLISH	The word 'our' is a standard English possessive determiner used consistently across all provided examples.	that's complete crap . someUSER began and sadat were all about peace . bibi wants to use our military for free . someUSER &lt
padta	32	HINGLISH	The token 'padta' is a Romanized Hindi word derived from 'padna' (meaning 'to have to'), commonly used in code-mixed Hinglish sentences.	FaaduTweets American English bro, har roz kisi na kisi ko bolna padta hai twinitisha
sahab	32	HINGLISH	The word 'sahab' is a borrowing from Hindi/Urdu meaning 'sir' or 'gentleman', commonly used in Romanized Hindi/Hinglish contexts.	aaj Duggal sahab school boy hain …
zaroor	32	HINGLISH	The word 'zaroor' is a Romanized Hindi word meaning 'definitely' or 'surely'.	Jin logon ko FAN ke bina neend nahi aati woh movie zaroor dekhein, isse unhe neend aajayegi.
aapka	31	HINGLISH	The token 'aapka' is a Romanized Hindi word meaning 'your'.	SrBachchan sir aap badal gaye ho. Aajkal milte hi nahi ho. Kitna wait kiya aapka ghar ke bahar
beti	31	HINGLISH	The word 'beti' is the Romanized Hindi word for 'daughter', consistently used in that meaning across all examples.	Kanoon ne apna kaam kiya tabhi to teri terrorist beti ko maara. …
bhabhi	31	HINGLISH	The word 'bhabhi' is a Hindi term meaning brother's wife, used in Romanized Hindi/Hinglish context across all examples.	iamEvilPrince ShraddhaKapoor FitbitIN ayye Chupp tu, bhabhi hai teri
haal	31	HINGLISH	The token 'haal' is derived from the Hindi word 'haal' (meaning condition or news), commonly used in Romanized Hindi/Hinglish phrases like 'haal chaal'.	Ra_Bies Hello saadu saahab (senior bro in law), ki haal chaal?
kahi	31	HINGLISH	The token 'kahi' is a Romanized Hindi word meaning 'somewhere' or used as a conditional marker (from 'kahin').	kahi rajnikant to nhi tha . .
lene	31	HINGLISH	The word 'lene' is derived from the Hindi verb 'lena' (to take), used consistently in all examples as part of Romanized Hindi phrases.	guddu tri series aur test series mein , kya lene gya tha ??
mario	31	ENGLISH	The token refers to the globally recognized video game character/franchise 'Mario', which is a proper noun borrowed directly into the context.	mai to itne games me b bas ninja turtles , street fighter , car race and mario khel kar khush tha baki games par dhyan dene ka tym kiske pas tha :-d
mauka	31	HINGLISH	The word 'mauka' is a Hindi/Urdu word meaning 'opportunity', commonly used in Romanized Hindi/Hinglish.	Aa gaya mauka ... India won .. IndvsSA
pagal	31	HINGLISH	The token 'pagal' is a common Hindi word meaning 'mad' or 'crazy' written in Roman script.	MeetUunngLee pagal aurat hai
shakal	31	HINGLISH	The token 'shakal' translates to 'face' in Hindi and is consistently used as a Romanized Hindi word across all examples.	Tweepshikha toh mujhe laga tumhari bhi shakal hogi usmein kahin :-/
tumko	31	HINGLISH	The token 'tumko' is a Hindi pronoun meaning 'to you' written in Roman script (Hinglish).	you wish to become Adele? Yaar bahot rotdu hai yahan tumko bhi number lagana hai?
achcha	30	HINGLISH	The token 'achcha' is a Romanized Hindi word meaning good.	DrShobha Maam mausam achcha hai.. To socha ghoomne jaane se pehle pooch luBDUTT ChouhanShivraj
arvind	30	ENGLISH	The token 'arvind' refers to proper names (Arvind Kejriwal, Arvind) used across sentences, which are treated as English/neutral proper nouns.	aajtak dear arvind kejriwal aap begunaah hai . Yaa deshdrohi hai .... choose
bacha	30	HINGLISH	The token 'bacha' represents the Hindi words for either 'save/leftover' or 'child' written in Roman script.	Sabko bacha kaho,sirf mere ilawa ok
bhej	30	HINGLISH	The word 'bhej' is a Hindi verb meaning 'send', written in Roman script (Hinglish).	kamaalrkhan sir ye tweet unko bhej do. Itni Hi-Fi English padh ke wo waise hi suicide kar lega.
bhool	30	HINGLISH	The word 'bhool' is a Romanized Hindi word meaning 'forget', commonly used in Hinglish code-mixed text.	MissKhushiSen mujhe laga sab bhool gaye honge SENTI
dimaag	30	HINGLISH	The token 'dimaag' is a Hindi word (meaning brain/mind) written in the Roman script, commonly used in Hinglish text.	saynotocorruption timetochange say no to dummies jinke pass khud ka dimaag nahi dusro k kahne par chalte hai MakeInIndia
isko	30	HINGLISH	The word 'isko' is a Romanized Hindi demonstrative pronoun meaning 'this one' or 'him/her'.	SharmaJaungi SlapSkirt isko khana nahi hota hai.
jate	30	HINGLISH	The token 'jate' is a form of the Hindi verb 'jana' (to go), used here in Hinglish phrases like 'laps ho jate', 'chale jate hai', and 'safe side ho jate ho'.	@ Deggii Raja-Rahul Gandhi ki Pl accumulate ho gaye the . Agr wo nahi lete tho laps ho jate WhereIsRahulGandhi WhereIsRahul
mana	30	HINGLISH	The word 'mana' in all provided contexts means 'refused' or 'denied' in Hindi, functioning as part of Hinglish verb phrases like 'mana kardiya' or 'mana karti thi'.	ab voh bola jisne kisi bhi party ko support karne se mana kardiya tha . . a flop show annaji
officeofrg	30	HINGLISH	no_context_default	
poojamissra	30	HINGLISH	no_context_default	
rehta	30	HINGLISH	The token 'rehta' is a form of the Hindi verb 'rehna' (to stay/live), commonly used in Romanized Hindi/Hinglish code-mixing.	ab to tu aajkal pata nahi kaha gayab rehta hai A_PerfectBlend
roflaala	30	HINGLISH	no_context_default	
bandh	29	HINGLISH	The word 'bandh' means closed or shut in Hindi and is commonly used in Romanized Hindi/Hinglish.	bandh kab huwa tha?
behen	29	HINGLISH	The word 'behen' means sister in Hindi and is commonly used in Romanized Hindi/Hinglish code-mixed text.	Dishasatra LOL PJ_CRACKER ROFLaaLa Lala mujhe bhi apni behen bana le please
bolne	29	HINGLISH	The token 'bolne' is the inflected form of the Hindi verb 'bolna' (to speak), commonly used in Romanized Hindi/Hinglish.	riksec08 CrackerNACrackKAR bolne wale ki baat mat sun
chalta	29	HINGLISH	The token 'chalta' is a standard Romanized Hindi word meaning 'runs' or 'works' in the given contexts.	manish239994 AC bahut chalta hai
chalu	29	HINGLISH	The token 'chalu' means 'started' or 'active' in Hindi/Hinglish across all the provided examples.	buklolchi bhak_sala chalu hai
kitanurag	29	HINGLISH	no_context_default	
kitni	29	HINGLISH	The word 'kitni' is a Romanized Hindi word meaning 'how many' or 'how much'.	huh_watnow kitni baar bhi bhejo kam hai twinitisha
milta	29	HINGLISH	The word 'milta' is a Hindi verb meaning 'gets' or 'available', written in Roman script (Hinglish).	Bas aise hi reviews ki zaroorat hai, kaafi protsahan milta hai in baaton se.
paani	29	HINGLISH	The word 'paani' means water in Hindi and is written in Romanized form, consistently used in Hinglish contexts across all examples.	Kahaanify hamari kashti wahan doobi jahan paani kam tha
pahle	29	HINGLISH	The word 'pahle' is a Romanized Hindi word meaning 'before' or 'earlier'.	abhi trailor kuchh mahine pahle dekha tha ? . . . .
taraf	29	HINGLISH	The word 'taraf' is a Hindi word meaning 'direction' or 'side', written in Roman script (Hinglish).	"Bhaiya Goal ki taraf le lo" Autoguy: "Us taraf nahi jayega"
tweeterrant	29	HINGLISH	no_context_default	
unhe	29	HINGLISH	The token 'unhe' is a Romanized Hindi pronoun meaning 'them' or 'to them', used across all provided code-mixed sentences.	Jin logon ko FAN ke bina neend nahi aati woh movie zaroor dekhein, isse unhe neend aajayegi.
insaan	28	HINGLISH	The token 'insaan' (human) is a standard Romanized Hindi word used across all provided code-mixed examples.	Abe Congressiyon, Nigerians bhi insaan hote hain, bandar nahin. Kyon itna bura maan gaye.
ise	28	HINGLISH	The token 'ise' is a Hindi pronoun meaning 'this' or 'to this', used consistently in the Romanized Hindi/English code-mixed context.	mishrashiv Mishra ji ise haathi bol kar haathi jaise achche jeevo ko gaaliya na de nikhil__13 Ra_Bies
kapoor	28	HINGLISH	The token 'kapoor' is used as a proper surname in Romanized Hindi/English code-mixed context (referring to Kapoor & Sons, Shahid Kapoor, and Sonam Kapoor).	RT mukeshk23791931 : S1dharthM kapoor and sons achachi film hai .. ek baar or dekhunga
karwa	28	HINGLISH	llm_call_failed_default:rate-limit: HTTP 429 rate-limit (no Retry-After header in response)	I'm also against arrest of Tanmay Bhat, kaan pakad ke utthak-baithak karwa kar chhod dena chahiye.
ladke	28	HINGLISH	llm_call_failed_default:rate-limit: HTTP 429 rate-limit (no Retry-After header in response)	yaar tum ladke inne senti krne wale kaam kyu krte ho ? ? ? :'(
lekar	28	HINGLISH	The word 'lekar' is a Hindi participle meaning 'taking', written in Roman script (Hinglish).	Itne to bhai wallet me chillar lekar chalte hai …
leta	28	HINGLISH	The token 'leta' is a form of the Hindi auxiliary verb 'lena' (to take/do), used in code-mixed contexts like 'rakh leta hn' or 'laga leta hai'.	mariam_tahir5 light nahi he ab bus aona name change kr k " ROSHAN " rakh leta hn .
padh	28	HINGLISH	The token 'padh' is a Romanized Hindi word meaning 'read'.	loveOKplease kuch nahi, ek tweet padh ke gussa aa gaya :/
pura	28	HINGLISH	The word 'pura' means 'whole' or 'complete' in Hindi/Hinglish across all provided examples.	he's my dad but . . hum unhe pura match kabhi nhi dekhne dete . . it's a pretty big feat . . lol
thodi	28	HINGLISH	The token 'thodi' is a Romanized Hindi word meaning 'little' or 'a bit', commonly used in code-mixed Hinglish text.	"Na bhai na, aise thodi hota hai, ye aate time bhi window seat pe baitha tha" AUSvPAK
yehi	28	HINGLISH	The token 'yehi' is a Romanized Hindi word meaning 'this only' or 'this is', commonly used in code-mixed Hinglish text.	slimswamy yehi to hum semjhane ki koshish kar rahe hain. Log to sab kuch ko issi mein tol dete hain. Context: …
badal	27	HINGLISH	The token 'badal' is a Hindi word meaning 'change' or 'changed', used consistently in Romanized Hindi contexts across the examples.	SrBachchan sir aap badal gaye ho. Aajkal milte hi nahi ho. Kitna wait kiya aapka ghar ke bahar
biwi	27	HINGLISH	The word 'biwi' is a Hindi word meaning wife, written in Roman script.	Chacha jaan ye biwi hai keema paav nahi.
chai	27	HINGLISH	The word 'chai' refers to tea, which is a standard Hindi loanword commonly used in Romanized Hindi/Hinglish.	luncher paaji pehle chai k saath biscuit kha rahe the . .
hamari	27	HINGLISH	The word 'hamari' is the Romanized Hindi/Urdu possessive pronoun meaning 'our'.	Kahaanify hamari kashti wahan doobi jahan paani kam tha
iski	27	HINGLISH	The word 'iski' is a Romanized Hindi pronoun meaning 'its' or 'his/her' in the given context.	coolfunnytshirt iski jaanch honi chahiye OpIndia_com bhak_sala
mahine	27	HINGLISH	The token 'mahine' is the Romanized Hindi word for 'months'.	guddu ek mahine baad aa rha hai . . world cup ke liye kuch nahi kiya . . . . . . nalayak . . .
nazar	27	HINGLISH	The word 'nazar' is a Hindi word meaning sight or vision, commonly used in Romanized Hindi/Hinglish.	cha cha ? ab seedha Trump nazar aane laga ? Kasab se Trump tak ?
om	27	HINGLISH	The token 'om' is part of the Hindu devotional phrase 'om sai ram' and spiritual references in the context of Romanized Hindi/English code-mixed text.	Mujhe maaf karna om sai ram
puri	27	PENDING_MANUAL_REVIEW	In sentence 1, 'puri' refers to the Indian fried bread (Hindi), while in sentences 2 and 3, it means 'whole' or 'completely' (Hindi/Hinglish), but structurally it can occasionally overlap with English phonetics, though here it is consistently Hindi/Hinglish with dual meanings depending on context.	1 sookha puri aur dena bhaiya
wohi	27	HINGLISH	The token 'wohi' (also spelled 'vohi') is a Romanized Hindi word meaning 'that very' or 'the same'.	Prankoholic tum na baat hi na karo mujhse, wohi achha hai.
achhe	26	HINGLISH	The token 'achhe' is the Romanized Hindi word for 'good' used in code-mixed social media text.	Champ_Nikk bilkul sahi..Bihar may achhe din toh aaney he they GoodByeNitishKumar
against	26	ENGLISH	The token 'against' is a standard English preposition used consistently across all examples to denote opposition.	procrastinating .i need to get ready for the 6th district chicago police rally against violence .chi-town cheer will be performing .king dr .
baare	26	HINGLISH	The word 'baare' is from Hindi (meaning 'about', used in phrases like 'ke baare mein').	mere baare mein toh tumne ye kabhi nahi bola... bhaiyyajispeaks
baatein	26	HINGLISH	The word 'baatein' is the Romanized Hindi word for 'talks' or 'conversations'.	huh_watnow chee chee gandi baatein
bajrangi	26	HINGLISH	The token 'bajrangi' refers to the Hindi proper noun/character name from the movie 'Bajrangi Bhaijaan' and is written in Romanized Hindi.	Salman bhai jai ho. Blessings to bajrangi bhaijann. ....
chup	26	HINGLISH	The token 'chup' is a common Hindi word meaning 'quiet' or 'silence', used consistently across the examples in Romanized Hindi contexts.	LOL, phenk deta to bechare ka phir kat jaata bill, isiliye lauta diya chup chaap. EkBhaiKeLiye
inhe	26	HINGLISH	The token 'inhe' (or 'inhain') is a Hindi pronoun meaning 'to them' or 'these people', used consistently in Romanized Hindi contexts.	Election commission ko bhi BJP4India par najar rakhni chahiye. Gujarat Haath se jaata Dekh ab GST yaad aa gaya inhe
jaisa	26	HINGLISH	The token 'jaisa' is a Hindi word meaning 'like' or 'as', commonly used in Romanized Hindi/Hinglish.	jo jaisa dusro k sath krta h uske sath aisa hi hota h ..he cheated dada ...
likh	26	HINGLISH	The token 'likh' is the Hindi root for writing, used across the examples in Romanized Hindi contexts.	RT 2806anu : puspraj Challenge : Isse bura likh ke bataao
poora	26	HINGLISH	The token 'poora' is the Romanized Hindi word for 'complete' or 'whole'.	Ab ArvindKejriwal apna Janlokpal ka vaada kab poora kar rahe hai ??
rakh	26	HINGLISH	The word 'rakh' is a standard Romanized Hindi verb meaning 'keep' or 'put'.	Atheist_Krishna ye saare paise rakh le aur meri suhaagraat pe national anthem mat bajana
sare	26	HINGLISH	The word 'sare' in these contexts is a Romanized Hindi word meaning 'all'.	kya baat hai !!guddu phir se dher sare gags banane laga ....:)
than	26	ENGLISH	The word 'than' is a standard English comparative preposition used in all the provided examples.	Ranveer Singh is more irritating than Shahrukh Khan.
usko	26	HINGLISH	The word 'usko' means 'to him/her' in Romanized Hindi and is consistently used in Hinglish context across all examples.	Tere saath kisne kiye yeh? Bata. Tag kar tu usko
yar	26	HINGLISH	The token 'yar' is a widely used Romanized Hindi (Urdu/Hinglish) slang term for 'friend'.	chalk lane me kitni mehnat lgti h guddu se sikho yar . . . . . . . bda hard working boy h
guessthesong	25	HINGLISH	no_context_default	
gye	25	HINGLISH	The token 'gye' is the Romanized Hindi word for 'went' or 'become', used consistently in Hinglish contexts.	guddu k papa toh emotional ho gye . . . .
jahan	25	HINGLISH	The token 'jahan' is a Hindi word meaning 'where', commonly used in Romanized Hindi/Hinglish code-mixed text.	Kahaanify hamari kashti wahan doobi jahan paani kam tha
kasam	25	HINGLISH	The word 'kasam' is a Hindi word meaning oath, commonly used in Romanized Hindi/Hinglish expressions like 'kasam se'.	garbage . . yaar tussi har bar dil jeet lete ho kasam se . . kya mast reality har bar saamne late ho . . . apni saari harkate yaad aa jati hai :p :d
khane	25	HINGLISH	The word 'khane' is a Romanized Hindi word meaning 'food' or 'to eat', used consistently in all provided code-mixed Hinglish sentences.	t . v . off guddu: mummy . . . . . khane me kya hai .
krte	25	HINGLISH	The token 'krte' is a Romanized Hindi verb form derived from 'karna' (to do).	yaar tum ladke inne senti krne wale kaam kyu krte ho ? ? ? :'(
kumar	25	ENGLISH	The token 'kumar' functions primarily as a proper noun (surname/given name) across all contexts, which remains unchanged in English text.	toastingtoaster M blocked by barkha, dadlani, rajdeep, kejriwal, kumar vishwas, ankit lal, ankit jain, kavita krishnan
maaf	25	HINGLISH	The token 'maaf' means 'forgive' or 'excuse' in Hindi and is commonly used in Romanized Hindi/Hinglish contexts.	ashutosh83B pyaar bech ke faayda kamate ho.. Dilli ki janta kabhi maaf nahi karegi
mili	25	HINGLISH	The word 'mili' is a form of the Hindi verb 'milna' (to get/find), meaning 'got' or 'found' in all provided contexts.	sahilmjain ek nahi mili ab tak </3
neend	25	HINGLISH	The token 'neend' translates to sleep in Hindi and is written in Romanized form, commonly used in Hinglish contexts.	Jin logon ko FAN ke bina neend nahi aati woh movie zaroor dekhein, isse unhe neend aajayegi.
reh	25	HINGLISH	The token 'reh' is a shortened colloquial form of the Hindi verb 'raha' (remaining/staying), used across the examples in Hinglish contexts.	sir hamare ghar me white wash ho rhi thi . isliye copy ghar pe reh gayi :-d
rohit	25	PENDING_MANUAL_REVIEW	The token 'rohit' is a proper noun (a person's name) used in both English and Hinglish contexts without linguistic markers indicating a specific language.	lmRo45 6jhmk all the best rohit bhai ( y ) 50 kya .. 100 banana
should	25	ENGLISH	The token 'should' is a standard English modal verb used across all the provided code-mixed examples.	Dhoni should remind Faf abt IPL !! Agar khelna hai toh out ho jaa !! Hussey z back in d team !!! justsaying IndiaVsSouthAfrica
socha	25	HINGLISH	The token 'socha' is derived from the Hindi verb 'sochna' (to think) and is commonly used in Romanized Hindi/Hinglish.	narendramodi kuch pata hai students ke mehenge din agaye hai?? gst laga diya hai bas kuch socha tha pehle?
wahan	25	HINGLISH	llm_call_failed_default:rate-limit: HTTP 429 rate-limit (no Retry-After header in response)	Kahaanify hamari kashti wahan doobi jahan paani kam tha
aaja	24	HINGLISH	llm_call_failed_default:rate-limit: HTTP 429 rate-limit (no Retry-After header in response)	Gauribee aaja aaja ab kaisaa sharmaana, dheere dheere se dil ko churana
aam	24	HINGLISH	The token 'aam' is predominantly used as the Hindi word for 'common' (as in 'aam aadmi') or 'mango', which is distinctly Romanized Hindi/Hinglish in these contexts.	trump must be so envious of kejriwal .. Sochta hoga aisa kya karta Hai ye aam aadmi ki mujhse jyada trend ho raha hai
achche	24	HINGLISH	The token 'achche' is a Romanized Hindi word meaning 'good' used consistently across all examples.	mishrashiv Mishra ji ise haathi bol kar haathi jaise achche jeevo ko gaaliya na de nikhil__13 Ra_Bies
bachpan	24	HINGLISH	The word 'bachpan' is a Hindi word meaning childhood, written in the Roman script.	bachpan ka flash back kara dete ho :(
gaadi	24	HINGLISH	The word 'gaadi' is a Hindi term meaning vehicle or car, commonly used in Romanized Hindi/Hinglish code-mixed text.	"Daaru pee ke gaadi mat chalana new year pe.."
hoon	24	HINGLISH	The token 'hoon' translates to the Hindi auxiliary verb 'am' (हूं) as used in all the provided Romanized Hindi/English code-mixed examples.	jhunjhunwala Main be-Car nahi hoon aise hi mat Thoko kuch bhi indiantweeter
jayegi	24	HINGLISH	The token 'jayegi' is a Romanized Hindi verb form meaning 'will go'.	bhai aap bhul gye kya hume social science kisne padhai h , unhone dekha to pitaayi ho jayegi .:(
kehte	24	HINGLISH	The token 'kehte' is a Romanized Hindi verb meaning 'say' or 'called', commonly used in code-mixed Hinglish text.	isko kehte hein sachha pyar . . . kohli ke 1 run ko dekhne ke liye , anushka india se sydney aayee thi . . . :)
krne	24	HINGLISH	The token 'krne' is a Romanized Hindi word meaning 'to do'.	yaar tum ladke inne senti krne wale kaam kyu krte ho ? ? ? :'(
raho	24	HINGLISH	The word 'raho' is a Hindi imperative verb (stay/remain) written in Romanized form, used consistently across all examples.	Babaji balliawalebaba ko janamdin ki subhkamanayee.. Khush raho.. Aabaad raho.. Dilli raho ya Farukkhabad raho
sarkaar	24	HINGLISH	The token 'sarkaar' means government in Hindi and is widely used in Romanized Hindi/Hinglish text.	.OfficeOfRG Denims ki sarkaar ?? LOL
sonia	24	ENGLISH	The token refers to proper nouns (people's names like Sonia Gandhi) used in both English and Romanized Hindi contexts without a shift in linguistic identity.	ye sonia ji ki bahu hai autumnrainwish
whereisrahul	24	ENGLISH	The token is a hashtag composed of standard English words ('where', 'is', 'rahul') mashed together.	Saara seher mujhe PAPPU k naam se janta hai . whereisrahul rahulonleave twistedbollywoddialogues
apko	23	HINGLISH	The token 'apko' is a Romanized Hindi variant of 'aapko' (to you), used in code-mixed Hinglish context across all examples.	Usne bola aapne maan liya . Kapil sharma ne proof diya aapko aur chaiye .. Army ne surgicalstrike ki apko saboot chaiye . U need break
app	23	PENDING_MANUAL_REVIEW	In the first example it refers to a mobile 'app' (English), while in the second and third examples it is a spelling of the Hindi/Hinglish word 'aap' (you).	Uber chahiye? 2 minute main a jayegi. Haan chahiye Khud bula lo app khol ke lol
because	23	ENGLISH	The word 'because' is a standard English conjunction used for causal explanation in all provided code-mixed sentences.	great ak sir .. aap zindabad ..we have to first ensure on evm machines because these people are filthy
chali	23	HINGLISH	The token 'chali' is a form of the Hindi verb 'chalna' (to go/move), used across the examples in Romanized Hindi contexts.	hitennarendra aajkal hum khud hi ghum rehte hai.. Ladki chhod ke chali gayee. Dil hi toot k reh gaya hai
dekhte	23	HINGLISH	llm_call_failed_default:rate-limit: HTTP 429 rate-limit (no Retry-After header in response)	Miss u msd " aadat ho gayi hai aapko captain dekhte hue .. Dhoni
denge	23	HINGLISH	The word 'denge' is a conjugation of the Hindi verb 'dena' (to give/let) meaning 'will give' or 'will let', used in Romanized Hindi code-mixed sentences.	Koi bhi colony mein ghusna ho toh saale puchte hai kahan jaoge? Tell them a random number, B-25 ya G-305, ye jaane denge andar
deti	23	HINGLISH	The token 'deti' is a form of the Hindi verb 'dena' (to give), used here in various Hinglish contexts meaning 'causes', 'lets', or 'gives'.	Sabke saamne naak toh katwa hi deti hai biwiya …
farzipatrakarravishkumar	23	HINGLISH	no_context_default	
gonna	23	ENGLISH	The token 'gonna' is a standard informal English contraction of 'going to'.	when i teach a basketball in my own school ,we're gonna spend the 1st day watching larry bird videos ,& the rest will take care of itself .
izzat	23	HINGLISH	The word 'izzat' is a Hindi word meaning respect, written in Roman script (Hinglish).	Damaad ki bhi izzat nahi ki. Intolerance is rising. IndvsPak
keh	23	HINGLISH	The token 'keh' is a Romanized Hindi verb form (meaning 'saying' or 'telling').	Gaon mein bijli nhi aur DigitalIndia bann rhe hain ... Company saari bideshi aur MakeInIndia keh rhe hain ...
milte	23	HINGLISH	The token 'milte' is a conjugated form of the Hindi verb 'milna' (to meet or to get), commonly used in Romanized Hindi/Hinglish code-mixed text.	SrBachchan sir aap badal gaye ho. Aajkal milte hi nahi ho. Kitna wait kiya aapka ghar ke bahar
mujhse	23	HINGLISH	The token 'mujhse' is a standard Romanized Hindi word meaning 'from me'.	bhagwan aisi girlfriend sabi ko de . . par start mujhse kare :p
paaji	23	HINGLISH	The word 'paaji' (derived from Punjabi/Hindi 'paji' meaning elder brother) is used here as an affectionate term of address in Romanized Hindi context.	luncher paaji pehle chai k saath biscuit kha rahe the . .
per	23	PENDING_MANUAL_REVIEW	The token 'per' functions as an English preposition in sentence 1 ('As per'), but as the Hindi word for 'tree' in sentence 2 ('per mein') and 'on' in sentence 3 ('dhoni per').	RT aryaraju : As per Rajmala , the royal chronology of Tripura , a total of 184 kings ruled over the state . 7SistersOfIndia History
prabhu	23	HINGLISH	The word 'prabhu' is a Hindi term meaning lord or master, commonly used in Romanized Hindi contexts like 'prabhu ji'.	iawoolford prabhu ji mujhe aap ke charan sparsh karne hain _/\_ Hindi ka gaurav Australia mein basa hua hai :)
sabhi	23	HINGLISH	The token 'sabhi' is a Hindi word meaning 'all', commonly used in Romanized Hindi/Hinglish code-mixed text.	coolfunnytshirt Yahan par sabhi fakr hai.
sallu	23	HINGLISH	The token 'sallu' refers to Salman Khan (often called Sallu or Sallu bhai in Indian pop culture and Hindi-English code-mixed chat context).	Kitthe reh gaye sallu ji 04:07 ho gye
sarkar	23	HINGLISH	The word 'sarkar' means government in Hindi and is commonly used in Romanized Hindi/Hinglish contexts.	Chalo ab koi sting operation karke kisi sarkar ko nanga nahi kar sakti ... maare jaoge RightToPrivacy
walon	23	HINGLISH	The token 'walon' (or 'wale') is a Hindi suffix meaning 'people of' or 'pertaining to', heavily used in code-mixed Hinglish.	twinitisha phir to twitter walon ki khush-naseebi hai :)
baj	22	HINGLISH	The token 'baj' means 'o'clock' or 'strike' in Hindi ('baj gaye'), heavily used in code-mixed Romanized Hindi.	4 baj gaye.....par party aabhi Baaki he....sallu bhai
balliawalebaba	22	HINGLISH	The token is a social media handle/username composed of a place name (Ballia) and Hindi words ('wale' and 'baba'), typical of Romanized Hindi handles.	balliawalebaba bas badiya sab.. Upar wale ka sahara hai.. Abhi chai pee rahe hai :)
banaya	22	HINGLISH	llm_call_failed_default:rate-limit: HTTP 429 rate-limit (no Retry-After header in response)	"Aisa na hua hota agar aapne Modi ko PM na banaya hota" - Shri Kejriwal …
dar	22	HINGLISH	llm_call_failed_default:rate-limit: HTTP 429 rate-limit (no Retry-After header in response)	surgicalstrikes Duniyan ne loha mana hai .. gadaro aur deshdrohio ki tolly me hahakar hai . Aur dusman muh chipa kar dar se saham gaya hai .
gyi	22	HINGLISH	The token 'gyi' is a Romanized Hindi word (gayi/gyi, meaning went/got) used in code-mixed Hinglish sentences.	kkundra lol ladki mil gyi .. Martina here you go girl .. hahha shit Roadies
hamara	22	HINGLISH	The token 'hamara' is a Romanized Hindi word meaning 'our'.	Babu_Bhaiyaa KyaUkhaadLega Sir hamara kya hoga hum bhii na haar jaaen kahi
hogayi	22	HINGLISH	The token 'hogayi' is a Romanized Hindi word meaning 'has happened' or 'became', commonly used in Hinglish.	Sachai ki jeet hogayi *aankho mein aansoo*
imvkohli	22	HINGLISH	no_context_default	
isme	22	HINGLISH	The token 'isme' is a Romanized Hindi word meaning 'in this' (isamein), commonly used in code-mixed Hinglish text.	sala olympics k game bhare rehte the isme . . . . dhokebaaz >_<
jaega	22	HINGLISH	The token 'jaega' is the Romanized Hindi verb 'जाएगा' (will go), commonly used in code-mixed Hinglish text.	DiwakarKothari_ shaant ho ja DK. Tere gusse ki garmi se Tanmay ka gubbara phat jaega..Duniya pe pralay aa jaega HathwalaThakur thetanmay
jaisi	22	HINGLISH	The word 'jaisi' is a Romanized Hindi postposition/adjective meaning 'like' or 'similar to', used consistently across the examples.	BUnlimted Baby holiday Gabbar jaisi awesome movies akki hi kar sakta hai.. WeLoveAkshay aamir_nation akshay_airlift aamir_khan
kyunki	22	HINGLISH	The token 'kyunki' is a Romanized Hindi word meaning 'because'.	mere pakistani bhaiyo . . . . . . . . . apne sare patakhe hume hi bhej do kyunki jis terah tumhari team khel rahi hai us tereh to tum log koi patakhe na jla paoge
mahadev	22	HINGLISH	Mahadev is a traditional Hindi/Sanskrit name for Lord Shiva, commonly used in Romanized form in code-mixed text.	Karpur gauram karunavtaaram Sansar saaram , bhujgendra haaram !! May lord shiva bless u all !! Har har mahadev MahaShivratri
mannkibaat	22	HINGLISH	The token 'mannkibaat' is derived from the Hindi phrase 'Mann Ki Baat' (Heart's voice/talk), commonly used in South Asian social media contexts.	mannkibaat ik aye ga jab satgurrampalji k sath galt kere wale jail hoge aur humko ap pura vishwas h sir cmohry om aajtaknews
milti	22	HINGLISH	The token 'milti' is a form of the Hindi verb 'milna' (to get/receive) used in Romanized Hindi/Hinglish.	YearOfRat Yaar. 13 ke pehle bhi RT nahi milti aaj kal.
pakka	22	HINGLISH	The token 'pakka' is a widely used Romanized Hindi word meaning 'sure' or 'confirmed'.	.ashutosh83B to phir rishta pakka samjhen?
peeche	22	HINGLISH	The word 'peeche' is a Romanized Hindi word meaning 'behind' or 'after'.	iamsrk Varun_dvn kritisanon Shah ka ek comment aur media walle peeche bhaage , waise hee mere manwa mai emotions jaage ;)
peene	22	HINGLISH	The word 'peene' is derived from the Hindi verb 'peena' (to drink), used consistently across the examples in Romanized Hindi contexts.	Bahot zor se food blogger banna hai, khaane peene ke vaande hai.
poori	22	HINGLISH	The word 'poori' is used in the sense of fulfilling desires ('manokamnaye poori kare') or consuming ('poori maar liye'), which corresponds to the Romanized Hindi words 'पूरे/पूरी' (complete/fulfill) or 'पूरी' (flatbread/consumed completely).	MeShivShakti Ohm namaha shivya , Happy mahashivratri , hope bholenath aapki sari manokamnaye poori kare , enjoy it .
sachin	22	HINGLISH	The token 'sachin' refers to the Indian cricketer Sachin Tendulkar across all code-mixed Hinglish sentences.	i still remember . . . during sharjah matches . . . . the scene was use to be the same :) sachin jab tak khel ra hai hilnaa mat
sar	22	HINGLISH	The token 'sar' translates to 'head' in Hindi (e.g., 'sar pe baitha rakha hai', 'sar mein bhara hai', 'aadha sar'), making it Hinglish across the provided contexts.	Liar. Kejriwal is Modi bhakt and use to sar pe baitha rakha hai tum logo ne. …
scratchysingh	22	HINGLISH	llm_call_failed_default:rate-limit: HTTP 429 rate-limit (no Retry-After header in response)	scratchysingh main ek nek aur shareef bachha hu
singhlicious	22	HINGLISH	llm_call_failed_default:rate-limit: HTTP 429 rate-limit (no Retry-After header in response)	singhlicious twitter kam ho gaya hai :)
these	22	ENGLISH	The token 'these' is a standard English demonstrative pronoun/determiner used consistently across all provided examples.	great ak sir .. aap zindabad ..we have to first ensure on evm machines because these people are filthy
thik	22	HINGLISH	The token 'thik' is the Romanized Hindi word for 'right' or 'properly'.	aliaa08 zmilap gandi ladki. Abhi to tum 18 ki bhi nahi hui thik se !
unke	22	HINGLISH	The token 'unke' is a Hindi pronoun meaning 'their' or 'his/her' (honorific) written in Roman script.	kaun bole parents ko nahi hai interest unke bete mein :d :d toh bekar mein kyun dekho usse
via	22	ENGLISH	The word 'via' is a standard English preposition meaning 'by way of' or 'through', used identically across all provided contexts.	Can You Take It Ravish Kumar ? : via youtube ndtv ravishkumar
where	22	ENGLISH	The token 'where' is a standard English interrogative or relative adverb used across all provided examples.	where r uu...bhaiii ...plzz one rplyy mustt onlyy onee:-(
zaroorat	22	HINGLISH	The token 'zaroorat' is a commonly used Romanized Hindi word meaning 'need' or 'necessity'.	Bas aise hi reviews ki zaroorat hai, kaafi protsahan milta hai in baaton se.
zoomphatak	22	HINGLISH	The token 'zoomphatak' is used as a username, handle, or slang term within a Romanized Hindi/English code-mixed context.	zoomphatak iss baar thoda zyada easy ho gaya
aanchalator	21	HINGLISH	The token 'aanchalator' is a slang/portmanteau term used within Romanized Hindi discourse, often referring to a specific online personality or context in Indian social media.	aanchalator toh phir theek hai, aise kisi Ladki ke T-shirt mein kuch bhi kaise daal sakta hai koi?
aapse	21	HINGLISH	The word 'aapse' is a Romanized Hindi term meaning 'with you' or 'from you', commonly used in code-mixed Hinglish text.	Bahut log hai jo aapse baat karna chahte hai..plzzzzzz dn't brk thr hearts sir plzzzz
aayi	21	HINGLISH	The token 'aayi' is the Romanized Hindi/Urdu word for 'came' (feminine past tense), commonly used in code-mixed Hinglish text.	YearOfRat retardedwriter Alllahdin aankhein bandh hogayi thi abhi 5 minute pehle, phir wohi soch aayi "aaj raat time se sojaunga'
advancedmaushi	21	HINGLISH	no_context_default	
badhai	21	HINGLISH	The token 'badhai' is a Romanized Hindi word meaning 'congratulations'.	Congrats msdhoni and SaakshiSRawat bhabhi.. Beti ki bohot bohot badhai !!
badliyesarkarbadliyebihar	21	HINGLISH	no_context_default	
banane	21	HINGLISH	The word 'banane' is the inflected form of the Hindi verb 'banana' (to make/create), used consistently across the examples in a Romanized Hindi/English code-mixed context.	bhaiyyajispeaks Kya baat hai, maine bhi koshish ki this Shraddha Kapoor ki photo banane ke liye magar Jadoo jaise ban gayi kuch.
bhaiyyajispeaks	21	HINGLISH	The token 'bhaiyyajispeaks' is derived from Hindi terms ('bhaiyyaji') and used as a social media handle/cultural reference specific to the South Asian context.	Atheist_Krishna aur agar aaj koi kuch bola to "bura na mano holi hai" bhaiyyajispeaks
chahe	21	HINGLISH	The word 'chahe' is a Hindi term (meaning 'whether' or 'even if') commonly used in Romanized Hindi/Hinglish.	Aur is baar jo proof maange " chahe wo khi ka CM hi q na ho " seedha Goli _ maar _ do _ unko _ V
daru	21	HINGLISH	The token 'daru' is a Hindi word (alcohol) written in the Roman alphabet.	Sab khana kha ke daru pee chale gaye..
dila	21	HINGLISH	The token 'dila' is a form of the Hindi verb 'dilana' (to get or procure), used in code-mixed contexts.	prajesh9465 dekho anushka g ke paas phone nahi hai, ek nayi dila do LoKarDi_RT bizzarebhide
huee	21	HINGLISH	llm_call_failed_default:rate-limit: HTTP 429 rate-limit (no Retry-After header in response)	"Main aaj bhi pheki huee Ball nahin uthata" ~ Umar Akmal TwistedBollywoodDialogues
indvsaus	21	HINGLISH	llm_call_failed_default:rate-limit: HTTP 429 rate-limit (no Retry-After header in response)	"Bhai ye bowlers ki wajah se haarne par press conference me kya bolna hota hai" - Smith to Dhoni indvsaus
jee	21	HINGLISH	The token 'jee' (or 'ji') is used as a Romanized Hindi honorific suffix (e.g., Modi jee, dwivedi_ji) and in the verb phrase 'jee raha hai'.	_SandSurfer kaisi galatfaimi me jee raha hai
jita	21	HINGLISH	The token 'jita' means 'won' in Romanized Hindi across all provided contexts.	Bhart ne toss jita h Match b jitengeee IndvsPak balliawalebaba
kara	21	HINGLISH	The token 'kara' is a form of the Hindi verb 'karna' (to do/cause), used consistently across the examples to mean 'to cause' or 'to get done'.	bachpan ka flash back kara dete ho :(
ladkiya	21	HINGLISH	The token 'ladkiya' is the Romanized Hindi word for 'girls' and is used consistently as such across all given examples.	Mall ma ladkiya aur daaru ke theke pe ladke same cheez sochte hai.. Ye bhi le lu.. Wo bhi le lu..
ladkiyo	21	HINGLISH	The word 'ladkiyo' is a Romanized Hindi word meaning 'girls'.	Aur ladkiyo ki saari life unhi cheezo ko dhoondne me …
manmohansingh	21	PENDING_MANUAL_REVIEW	The token refers to a proper noun (a person's name, Manmohan Singh), which can appear in both English and Hindi/Hinglish contexts without linguistic modification.	Ghotala INCIndia ke raj me ho to manmohansingh doshi " bjp ke raj me ho to officials doshi .. aur ise kahte nishpaksh patrakarita .. mitroooooo ....... Na khaunga " na khane dunga ..
rahega	21	HINGLISH	The token 'rahega' is the future tense form of the Hindi verb 'rahna' (to stay/remain), commonly used in Romanized Hindi/Hinglish.	Aaj jis bhi Paki ko reply karo.. 'जयहिन्द' zaroor add karo.. Gaand jal k kali ho jaegi unki.. Aur trend bhi hota rahega
rehte	21	HINGLISH	The token 'rehte' is a Romanized Hindi verb form (meaning 'stay' or part of a continuous tense marker) used across all given code-mixed sentences.	sala olympics k game bhare rehte the isme . . . . dhokebaaz >_<
runjhunmehrotra	21	ENGLISH	The token 'runjhunmehrotra' is a proper noun (a person's name/handle), which is kept in its standard Romanized form across English and code-mixed sentences.	Fabled_Me aise badnam mat kar runjhunmehrotra
sagarcasm	21	ENGLISH	The token is a proper noun/handle name ('Sagarcasm') used consistently across the examples.	sagarcasm abhi bhi hu
whatsapp	21	ENGLISH	The word 'whatsapp' is a globally used English brand and app name, borrowed directly into code-mixed text without linguistic integration into Hindi grammar in these contexts.	abhi whatsapp pe bheja kisi ne, socha kuch to alag chipkau :P
would	21	ENGLISH	The token 'would' is a standard English auxiliary verb used in all the provided examples.	happy valentine's day , artemis you remembered . come on ! what kind of jerk would i be if i forgot valentine's day ? for the 5th year in a row ?
youtube	21	ENGLISH	The token 'youtube' is a global brand name and standard English noun used consistently across languages for the video-sharing platform.	Return gift me youtube ka link - Dekh tere sansaar ki haalat kya ho gayee bhagwaan.. Kitna badal gaya insaan
zaroori	21	HINGLISH	The word 'zaroori' is a Romanized Hindi word meaning 'important/necessary'.	iamGunjanGrunge tu to Stark hai. Tera marna zaroori hai
aye	20	HINGLISH	The token 'aye' is used in the context of Romanized Hindi meaning 'came' (aaye) or as a verbal particle.	MotabhaiJaiAmitShahjee k paas itne paise kahan se aye ? Trump ne bheje kya ???
bhagwaan	20	HINGLISH	The token 'bhagwaan' is a Romanized Hindi word meaning 'God', used consistently across all examples.	bhagwaan agar aaj mujhe paise paa gaye to uski taken3 khelunga . . nahi nahi . . . mustafa . . . nahi nahi pehle mario phir baki dusri fight wali games .
bizzarebhide	20	HINGLISH	llm_call_failed_default:rate-limit: HTTP 429 rate-limit (no Retry-After header in response)	prajesh9465 dekho anushka g ke paas phone nahi hai, ek nayi dila do LoKarDi_RT bizzarebhide
bunlimted	20	HINGLISH	no_context_default	
chalega	20	HINGLISH	The token 'chalega' is a standard Romanized Hindi word meaning 'will work' or 'will do'.	LoKarDi_RT uske liye toh bahot kuch karna padega ye pappiyon se kaam nahi chalega ForTheSakeOfHumanity
chor	20	HINGLISH	The word 'chor' means 'thief' in Hindi and is commonly used in Romanized Hindi/Hinglish text.	DrKumarVishwas indiaaakash Aaj ki duniya koi imandar nahi hai . Jo khud kahta hai wo sabse bad a chor hai .
gaaliya	20	HINGLISH	The token 'gaaliya' is a romanized Hindi word meaning 'abuses' or 'cursing', consistently used with that meaning across all examples.	mishrashiv Mishra ji ise haathi bol kar haathi jaise achche jeevo ko gaaliya na de nikhil__13 Ra_Bies
gareeb	20	HINGLISH	The token 'gareeb' is a Hindi word meaning 'poor', written in the Roman script (Hinglish).	Diwali Shopping wahan se karo jahan kisi gareeb ki Diwali achi hojaye Diwali deepavali
ghanta	20	HINGLISH	The token 'ghanta' means 'hour' in Hindi across all provided code-mixed sentences.	Nilzrav Aadha ghanta aur chalti toh Abu Dhabi pahaunch jaati. :P
goodbyenitishkumar	20	HINGLISH	no_context_default	
humne	20	HINGLISH	The word 'humne' is a Hindi pronoun in the ergative case written in the Roman script (Hinglish).	Do you really need words ? Ye mauka humne haath se jaane nahin diya .. This time we are winning ! WontGiveItBack IndvsSA
inke	20	HINGLISH	The token 'inke' is a Romanized Hindi pronoun meaning 'their' or 'of them', used consistently in the code-mixed sentences.	YearOfRat haha, inke gaane by God by heart ho jaate hai. Woh bhi Gujarati wale
inko	20	HINGLISH	The word 'inko' is a Hindi pronoun meaning 'to them' or 'these people' written in the Roman script (Hinglish).	A small farmer in Mahoba " UttarPradesh : matar 6 rs kilo bech raha hun notebandi ke kaaran ! Ab chunaav me batayenge inko 0
isliye	20	HINGLISH	The token 'isliye' is a Hindi word (meaning 'therefore' or 'that's why') written in the Roman script (Hinglish).	sir hamare ghar me white wash ho rhi thi . isliye copy ghar pe reh gayi :-d
kaat	20	HINGLISH	The token 'kaat' represents Hindi verbs related to cutting or passing time ('kaat rahi hai', 'kaat dete', 'kaat rahe thay').	haan zindagi hamari kaat rahi hai.
karni	20	HINGLISH	The word 'karni' is a form of the Hindi verb 'karna' (to do), used here in Romanized Hindi code-mixed sentences.	Sir me apka big big fan hu mujy apse call pe bt karni hai ek bar sir mera contact num 03356507139 Skype I.d abdul.rehman6731 plzzzz contact meabdul.rehman.sahabto
kon	20	HINGLISH	The word 'kon' is a Romanized Hindi word meaning 'who'.	P2makodo btw ye aunty kon hai ?
pade	20	HINGLISH	The word 'pade' comes from the Hindi verb 'padna' (e.g., thande pade rahe, bhare pade hai, lage pade hai), functioning as a Hindi auxiliary/participle in Romanized form.	Bhai week bada hi happening raha .. bevkufBaba Dokhlam PVSindhu .. though ham log hi bs thande pade rahe ..
padi	20	HINGLISH	The token 'padi' is a form of the Hindi verb 'padna' (meaning to fall or to be subjected to, as in 'phatti padi hai' or 'maar padi'), which is characteristic of Hinglish.	Ice cream khaungi, kashmir jaungi, garmi se phatti padi hai piya. haah haah.
puch	20	HINGLISH	The token 'puch' is derived from the Hindi verb 'puchna' (to ask), used consistently in Romanized Hindi contexts.	"Arey galti ho gayi. Agli baar tere se puch kar karunga. Ab kya bhai se baat bhi nahi karega"
rhi	20	HINGLISH	The token 'rhi' is a standard Romanized Hindi spelling for 'rahi' (continuing/doing), used as an auxiliary verb in progressive tense across all examples.	sir hamare ghar me white wash ho rhi thi . isliye copy ghar pe reh gayi :-d
rowdytalks	20	HINGLISH	llm_call_failed_default:rate-limit: HTTP 429 rate-limit (no Retry-After header in response)	rowdytalks alllahdin great, maine apne gharwalon ko bhi bol rakha tha. Thanks for sharing, main dekh nahi paya :)
ruchikokcha	20	HINGLISH	llm_call_failed_default:rate-limit: HTTP 429 rate-limit (no Retry-After header in response)	RT ruchikokcha : Atheist_Krishna Isiliye ( sadly ) I am perhaps the only woman jisey Kohli ko khelta dekh bhai wali feeling aati hai .
saamne	20	HINGLISH	llm_call_failed_default:rate-limit: HTTP 429 rate-limit (no Retry-After header in response)	Sabke saamne naak toh katwa hi deti hai biwiya …
shayad	20	HINGLISH	llm_call_failed_default:rate-limit: HTTP 429 rate-limit (no Retry-After header in response)	kuch nahi samjha kabhi, itne saare cheezon se deal karna aata toh shayad life mein succesfull hota.
tabhi	20	HINGLISH	llm_call_failed_default:rate-limit: HTTP 429 rate-limit (no Retry-After header in response)	Lagta hai Modi ji ka jio wala pack khatam ho Gaya hai tabhi tweet nahi kar rahe RightToPrivacy par JhaSanjay mukeshtiwariji DwaipayanM
thode	20	HINGLISH	llm_call_failed_default:rate-limit: HTTP 429 rate-limit (no Retry-After header in response)	ikaveri Ab whai jaaj thode hi chalayega sir.
usne	20	HINGLISH	llm_call_failed_default:rate-limit: HTTP 429 rate-limit (no Retry-After header in response)	Kya tumne kabhi kisi ko DP ke liye follow kiya? Kiyaaa Aur usne tumhe disappoint kiya? Kiyaaa.. Mujhe bhi kiya
aagaya	19	HINGLISH	llm_call_failed_default:rate-limit: HTTP 429 rate-limit (no Retry-After header in response)	"Tumhara Pritam Pyaare aagaya ho toh hum sone chale jaaye?"
aansu	19	HINGLISH	llm_call_failed_default:rate-limit: HTTP 429 rate-limit (no Retry-After header in response)	Bas karo awk_doc ji.. Aankhon me aansu aa gaye
arunjaitley	19	HINGLISH	llm_call_failed_default:rate-limit: HTTP 429 rate-limit (no Retry-After header in response)	narendramodi arunjaitley "Sir GST rate cut ka fayda Consumer ko nahi mil raha "hai trader base price up karke usi price par bechta hai
aya	19	HINGLISH	llm_call_failed_default:rate-limit: HTTP 429 rate-limit (no Retry-After header in response)	Av tk advocates ko smajh nhi aya GST kya h? aur narendramodi ji bol rhe h ki behtar n saral GST
dekhi	19	HINGLISH	llm_call_failed_default:rate-limit: HTTP 429 rate-limit (no Retry-After header in response)	Rialisticme ek bechare ladke ki khushi nahi dekhi jaati tumse?
dimag	19	HINGLISH	llm_call_failed_default:rate-limit: HTTP 429 rate-limit (no Retry-After header in response)	Sonia Gandhi ko pata nahi tha ki 90% dimag ka vikas 5 saal tak ho jaata hai.
dont	19	HINGLISH	llm_call_failed_default:rate-limit: HTTP 429 rate-limit (no Retry-After header in response)	someUSER c'mon guys fix this please ,i dont want this to end up how diablo iii did .......: . (
dosti	19	HINGLISH	llm_call_failed_default:rate-limit: HTTP 429 rate-limit (no Retry-After header in response)	Prachi_licious dosti pyar ka pehla kadam hoti hai
emo	19	HINGLISH	llm_call_failed_default:rate-limit: HTTP 429 rate-limit (no Retry-After header in response)	friendlii_ghost kuch nahi bhai, sab emo chep rahe hai
ghante	19	HINGLISH	llm_call_failed_default:rate-limit: HTTP 429 rate-limit (no Retry-After header in response)	GhantaGuy 9 ghante se auto main hai?
govt	19	HINGLISH	llm_call_failed_default:rate-limit: HTTP 429 rate-limit (no Retry-After header in response)	someUSER waheed proposed mdp to join the gov prior coni's verdict . 7 feb controversial power transfer refrained mdp joining the govt .
hardik	19	HINGLISH	llm_call_failed_default:rate-limit: HTTP 429 rate-limit (no Retry-After header in response)	pandyas0599 Gud mrng sir aapko Mahashivratri ki hardik mangalkamnaye :)
jane	19	HINGLISH	llm_call_failed_default:rate-limit: HTTP 429 rate-limit (no Retry-After header in response)	DefucktiveHumor pakistan jane ke liye bhi visa chahiye kya? Paagal mat ban
kaisa	19	HINGLISH	llm_call_failed_default:rate-limit: HTTP 429 rate-limit (no Retry-After header in response)	Nirmalogy kaisa hai bhai
karoge	19	HINGLISH	llm_call_failed_default:rate-limit: HTTP 429 rate-limit (no Retry-After header in response)	tum ye karoge mere saath? Maine aaj tak tumhe kuch ulta bhi kahan hai? Hadh hoti hai
khaane	19	HINGLISH	llm_call_failed_default:rate-limit: HTTP 429 rate-limit (no Retry-After header in response)	Bahot zor se food blogger banna hai, khaane peene ke vaande hai.
kyon	19	HINGLISH	llm_call_failed_default:rate-limit: HTTP 429 rate-limit (no Retry-After header in response)	Journo: Laluji, aapne 11 bacche kyon paida kiye? Lalu: Kyonki uske baad hum thak gaye thay.
lagti	19	HINGLISH	llm_call_failed_default:rate-limit: HTTP 429 rate-limit (no Retry-After header in response)	atleast jise thand lagti ho use de diya karo :)
maan	19	HINGLISH	llm_call_failed_default:rate-limit: HTTP 429 rate-limit (no Retry-After header in response)	Abe Congressiyon, Nigerians bhi insaan hote hain, bandar nahin. Kyon itna bura maan gaye.
makeinindia	19	HINGLISH	no_context_default	
mohit	19	HINGLISH	llm_call_failed_default:rate-limit: HTTP 429 rate-limit (no Retry-After header in response)	IndvsSA SAvsIND If mohit sharma wins this match for India . Ishant sharma's parents will say " ek baar apne bhai ko dekho aur apne apko " .
namah	19	HINGLISH	llm_call_failed_default:rate-limit: HTTP 429 rate-limit (no Retry-After header in response)	Watching mahashivratri live on Aastha Tv SadhguruJV ke sandhiy mein . Mahadevaye namah .
ndtv	19	HINGLISH	llm_call_failed_default:rate-limit: HTTP 429 rate-limit (no Retry-After header in response)	IdrisGandhi ravishndtv ndtv BJP4India RSSorg i think tjey forgot to show song of Roja movie " Bharat Hamko Jan se Pyara hai "
pehli	19	HINGLISH	llm_call_failed_default:rate-limit: HTTP 429 rate-limit (no Retry-After header in response)	"Aaj mein bohot khush hu.. pehli baar sau ka note dikhaya bhaijaan ne.. " TweetLikeAPakistani
priyancabajaj	19	HINGLISH	no_context_default	
saaf	19	HINGLISH	llm_call_failed_default:rate-limit: HTTP 429 rate-limit (no Retry-After header in response)	Choti_Daku jo tere sar mein bhara hai usse kaun saaf karega?
unko	19	HINGLISH	llm_call_failed_default:rate-limit: HTTP 429 rate-limit (no Retry-After header in response)	Aur is baar jo proof maange " chahe wo khi ka CM hi q na ho " seedha Goli _ maar _ do _ unko _ V
badh	18	HINGLISH	llm_call_failed_default:rate-limit: HTTP 429 rate-limit (no Retry-After header in response)	Amit "Shahji Haryana mein Suraksha ki taraf Dhyan dijiye. Rape ke case bahut badh gaye hain. Party ki image kharab ho rahi hai
baith	18	HINGLISH	llm_call_failed_default:rate-limit: HTTP 429 rate-limit (no Retry-After header in response)	Tum log isi desh me baith kar isi desh ki buraiya peet sakte ho, koi bahar jaake india ki tareef nahi kar sakta? cocaine band kardo …
bakwaas	18	HINGLISH	llm_call_failed_default:rate-limit: HTTP 429 rate-limit (no Retry-After header in response)	MannKiBaat me pm bakwaas karte rehte hain aur pura din barbaad kar dete hain " aap ki press conference beech me hi kaat dete ho kyun ?
banaye	18	HINGLISH	llm_call_failed_default:rate-limit: HTTP 429 rate-limit (no Retry-After header in response)	Alllahdin Aashirwad banaye rakhe _/\_
beingsalmankhan	18	HINGLISH	no_context_default	
bhakt	18	HINGLISH	llm_call_failed_default:rate-limit: HTTP 429 rate-limit (no Retry-After header in response)	GaurangBhardwa1 paise ke bhakt ho tum
chahte	18	HINGLISH	llm_call_failed_default:rate-limit: HTTP 429 rate-limit (no Retry-After header in response)	Bahut log hai jo aapse baat karna chahte hai..plzzzzzz dn't brk thr hearts sir plzzzz
darr	18	HINGLISH	llm_call_failed_default:rate-limit: HTTP 429 rate-limit (no Retry-After header in response)	DefucktiveHumor abhi itna darr Gaye hai ke rally Rok rahe hai..Par kya fayda ? NitishKaChehraDiveshSehra
hadh	18	HINGLISH	llm_call_failed_default:rate-limit: HTTP 429 rate-limit (no Retry-After header in response)	_Agathist hadh hai, achhai ka zamana hi nahi hai. Khhair chhodo
hahahaha	18	HINGLISH	llm_call_failed_default:rate-limit: HTTP 429 rate-limit (no Retry-After header in response)	IndvsPak Lagatar 6 WC se TV todte aa rahe h hahahaha ....
honi	18	HINGLISH	llm_call_failed_default:rate-limit: HTTP 429 rate-limit (no Retry-After header in response)	Ladki gori honi chahiye chahe ladke ki shakal koyle jaisi ho. Assholes.
iit	18	HINGLISH	llm_call_failed_default:rate-limit: HTTP 429 rate-limit (no Retry-After header in response)	if you are this active on fb chances are you won't be getting to iit in the first place . keep dreaming .
ipl	18	HINGLISH	no_context_default	
jaana	18	HINGLISH	llm_call_failed_default:rate-limit: HTTP 429 rate-limit (no Retry-After header in response)	HITKPKD LalHITMovies Mujse bachne ke liye tumhe moon jaana padega... aur suna hai wo bahut loon place hai
jaegi	18	HINGLISH	llm_call_failed_default:rate-limit: HTTP 429 rate-limit (no Retry-After header in response)	Aj ya windies larkia leke jaegi ya boys .. :) WT20 WIvENG AusWvWIW WT20Final
kaisi	18	HINGLISH	llm_call_failed_default:rate-limit: HTTP 429 rate-limit (no Retry-After header in response)	_SandSurfer kaisi galatfaimi me jee raha hai
karan	18	HINGLISH	llm_call_failed_default:rate-limit: HTTP 429 rate-limit (no Retry-After header in response)	Accha hua aaj Nepali Babu aagye warna RightToPrivacy ke karan 2-3 tweet karna bhool jate Narendra Modi
kisne	18	HINGLISH	llm_call_failed_default:rate-limit: HTTP 429 rate-limit (no Retry-After header in response)	bhai aap bhul gye kya hume social science kisne padhai h , unhone dekha to pitaayi ho jayegi .:(
ladka	18	HINGLISH	llm_call_failed_default:rate-limit: HTTP 429 rate-limit (no Retry-After header in response)	Raj Thackeray: Pay Rs.5 crores Karan Johar: Kabhi ye humse ladta hai kabhi jhagadta hai, koi paas iske na aana, ye ladka hai deewana.
nitishkachehradiveshsehra	18	HINGLISH	no_context_default	
pmoindia	18	HINGLISH	no_context_default	
roti	18	HINGLISH	llm_call_failed_default:rate-limit: HTTP 429 rate-limit (no Retry-After header in response)	Jabse gst aaya "hai sabne restaurant mei khana shuru kr diya Kyu "behn ghar pe dal roti bhi nahi pakti tujhse ?
shaan	18	HINGLISH	llm_call_failed_default:rate-limit: HTTP 429 rate-limit (no Retry-After header in response)	shaan is like ..question kahin mujh par na aajaye :p
shadi	18	HINGLISH	llm_call_failed_default:rate-limit: HTTP 429 rate-limit (no Retry-After header in response)	Aap shadi kab karoge yaar :(
shukriya	18	HINGLISH	llm_call_failed_default:rate-limit: HTTP 429 rate-limit (no Retry-After header in response)	shukriya dpd111 gautamrajrishi swapnilktiwari mishrashiv
tumse	18	HINGLISH	llm_call_failed_default:rate-limit: HTTP 429 rate-limit (no Retry-After header in response)	Meet mohatarma mujhe aapki zindagi ka tumse zyada khayal hai. …
umar	18	HINGLISH	llm_call_failed_default:rate-limit: HTTP 429 rate-limit (no Retry-After header in response)	bachpan mein master ji shararat mein guddu k baap rahe honge . . is umar tak bhi inki shaitaani dimaag bilkul active hai . .
unka	18	HINGLISH	llm_call_failed_default:rate-limit: HTTP 429 rate-limit (no Retry-After header in response)	jnsbmi Modi ko gaali diye bina Nitish ji ka khana kaise hazam hoga unka GoodByeNitishKumar
aankh	17	HINGLISH	llm_call_failed_default:rate-limit: HTTP 429 rate-limit (no Retry-After header in response)	Gott_Partikel aankh band karte hi shruti hassan nazar aati hai :(
aayegi	17	HINGLISH	llm_call_failed_default:rate-limit: HTTP 429 rate-limit (no Retry-After header in response)	CescyJose mere sapnon ki Rani kab aayegi tu?
aj	17	HINGLISH	llm_call_failed_default:rate-limit: HTTP 429 rate-limit (no Retry-After header in response)	aj apne hum sbko bht hurt kiye salman...apse ye umid nhi thi hum sb ko :-(...bt m also luv u salman...:)
amit	17	HINGLISH	llm_call_failed_default:rate-limit: HTTP 429 rate-limit (no Retry-After header in response)	amit ji & shaan are sad . . guddu class ke bahar ghum ke aayega
anushka	17	HINGLISH	llm_call_failed_default:rate-limit: HTTP 429 rate-limit (no Retry-After header in response)	No change in team hum to batting hi karege ... Are ye anushka kidhar hai .. IndvsSA
badhiya	17	HINGLISH	llm_call_failed_default:rate-limit: HTTP 429 rate-limit (no Retry-After header in response)	BolshoyBooze Yo Man! Nurse badi badhiya thi jisne plaster baanda
bhul	17	HINGLISH	llm_call_failed_default:rate-limit: HTTP 429 rate-limit (no Retry-After header in response)	bhai aap bhul gye kya hume social science kisne padhai h , unhone dekha to pitaayi ho jayegi .:(
biharkajaichandshatrughan	17	HINGLISH	no_context_default	
bolna	17	HINGLISH	llm_call_failed_default:rate-limit: HTTP 429 rate-limit (no Retry-After header in response)	FaaduTweets American English bro, har roz kisi na kisi ko bolna padta hai twinitisha
dikha	17	HINGLISH	llm_call_failed_default:rate-limit: HTTP 429 rate-limit (no Retry-After header in response)	LEDtvn adhi duniya ko to dikha chuki ho
drpoonam	17	HINGLISH	llm_call_failed_default:rate-limit: HTTP 429 rate-limit (no Retry-After header in response)	drpoonam Dhai kilo ka haath? :P
du	17	HINGLISH	llm_call_failed_default:rate-limit: HTTP 429 rate-limit (no Retry-After header in response)	Hamare paas fruits khareedne ki haisiyat hai, Zomato se khana order karte hai hum Rs.400 ki, delivery boy ko Rs.20. Ye main gareeb ko de du
eid	17	HINGLISH	llm_call_failed_default:rate-limit: HTTP 429 rate-limit (no Retry-After header in response)	iss bar eid ki party bhai ki tarf se...........
gayab	17	HINGLISH	llm_call_failed_default:rate-limit: HTTP 429 rate-limit (no Retry-After header in response)	ab to tu aajkal pata nahi kaha gayab rehta hai A_PerfectBlend
huwe	17	HINGLISH	llm_call_failed_default:rate-limit: HTTP 429 rate-limit (no Retry-After header in response)	chatpatidiary tum mere against mein prachaar mein kyu lage huwe ho?
khade	17	HINGLISH	llm_call_failed_default:rate-limit: HTTP 429 rate-limit (no Retry-After header in response)	khade hone ki seat nahi . . khade hone ki jagha mil jaaye . . shabdawali sudhaaro . . . .
khoon	17	HINGLISH	llm_call_failed_default:rate-limit: HTTP 429 rate-limit (no Retry-After header in response)	kaalia_bhatt KeepsItRustic yaar ek aadha khamba old monk maanga hai, khoon nahi
lalu	17	HINGLISH	llm_call_failed_default:rate-limit: HTTP 429 rate-limit (no Retry-After header in response)	MeThePooh BolshoyBooze Nahi bhara Nitish ne toll, Khul gayi lalu ki pol BJPAheadMGBDead
lenge	17	HINGLISH	llm_call_failed_default:rate-limit: HTTP 429 rate-limit (no Retry-After header in response)	AshwinPaddy ye aapke writer ka reply tha.unhone accept kiya kiya hai aur kaha tha ki hata lenge
leti	17	HINGLISH	llm_call_failed_default:rate-limit: HTTP 429 rate-limit (no Retry-After header in response)	.RanaAyyub aaj bada men in uniform kar rahi ho.. Roz Pakistan ka side leti ho
sambhal	17	HINGLISH	llm_call_failed_default:rate-limit: HTTP 429 rate-limit (no Retry-After header in response)	44 walo ke bure din chalu hai.. Sonia ji sambhal jaaye.. Ab bhi time hai …
those	17	HINGLISH	llm_call_failed_default:rate-limit: HTTP 429 rate-limit (no Retry-After header in response)	staff room se master saab ki stick le k aana , aur fir usi stick se 5 -5 dono haatho me khaana . . ! missing those days . . !
unki	17	HINGLISH	llm_call_failed_default:rate-limit: HTTP 429 rate-limit (no Retry-After header in response)	Bhaiyo aur unki baheno, tumhare blogs mein meri tweets nahi dekhni. Me khud apni TL pe apni tweets nahi dekhta.
usi	17	HINGLISH	llm_call_failed_default:rate-limit: HTTP 429 rate-limit (no Retry-After header in response)	narendramodi arunjaitley "Sir GST rate cut ka fayda Consumer ko nahi mil raha "hai trader base price up karke usi price par bechta hai
waale	17	HINGLISH	llm_call_failed_default:rate-limit: HTTP 429 rate-limit (no Retry-After header in response)	Naya Saal Raas Nahi Aaya Kyunki Unhoni Ko HNY karne waale Sir Dhoni ne captaincy Jo thukra di :'(
waha	17	HINGLISH	llm_call_failed_default:rate-limit: HTTP 429 rate-limit (no Retry-After header in response)	iamGunjanGrunge Krishna ko add hi nahi kaunga waha
wajah	17	HINGLISH	llm_call_failed_default:rate-limit: HTTP 429 rate-limit (no Retry-After header in response)	Sanjoyjpr Thank you sir...umeed karta hun meri wajah se aapko koi dost nahin ganwana padega
apki	16	HINGLISH	llm_call_failed_default:rate-limit: HTTP 429 rate-limit (no Retry-After header in response)	i love u salman vai.i always like u vaijan.khuda hamesha apki saath rahega..
arey	16	HINGLISH	llm_call_failed_default:rate-limit: HTTP 429 rate-limit (no Retry-After header in response)	PratMitt GabbbarSingh c_aashish arey kabhi kabhi toh aap dhang ki baat karte ho :P
awaaz	16	HINGLISH	llm_call_failed_default:rate-limit: HTTP 429 rate-limit (no Retry-After header in response)	Haha, awaaz zyada badi aati hai. Na?
baitha	16	HINGLISH	llm_call_failed_default:rate-limit: HTTP 429 rate-limit (no Retry-After header in response)	"Na bhai na, aise thodi hota hai, ye aate time bhi window seat pe baitha tha" AUSvPAK
chaiye	16	HINGLISH	llm_call_failed_default:rate-limit: HTTP 429 rate-limit (no Retry-After header in response)	Usne bola aapne maan liya . Kapil sharma ne proof diya aapko aur chaiye .. Army ne surgicalstrike ki apko saboot chaiye . U need break
chhota	16	HINGLISH	llm_call_failed_default:rate-limit: HTTP 429 rate-limit (no Retry-After header in response)	main bahut chhota aadmi hoon, meri koi aukat nahi hai. degree bhi hum fake hi use karte hain.
chori	16	HINGLISH	llm_call_failed_default:rate-limit: HTTP 429 rate-limit (no Retry-After header in response)	Ra_Bies Thodi si jo pee li hai.. chori to nahi ki hai..
chuke	16	HINGLISH	llm_call_failed_default:rate-limit: HTTP 429 rate-limit (no Retry-After header in response)	Are beimano SurgicalStrike pe tumhi log Pakistan ki tarah evidence mang rahe thena ??? Tumhara Fake Emotion sab Hindustani jan chuke he ab !
chuki	16	HINGLISH	llm_call_failed_default:rate-limit: HTTP 429 rate-limit (no Retry-After header in response)	LEDtvn adhi duniya ko to dikha chuki ho
dino	16	HINGLISH	llm_call_failed_default:rate-limit: HTTP 429 rate-limit (no Retry-After header in response)	itte dino baad " launcher " paaji dikhe :d :p
haaye	16	HINGLISH	llm_call_failed_default:rate-limit: HTTP 429 rate-limit (no Retry-After header in response)	Entertainment sabko free ka hi chahiye hota hai, haaye ye zaalim duniya *wipes a tear*
hadd	16	HINGLISH	llm_call_failed_default:rate-limit: HTTP 429 rate-limit (no Retry-After header in response)	oxymoronic_me hadd hai yaar
haramiparindey	16	HINGLISH	no_context_default	
hath	16	HINGLISH	llm_call_failed_default:rate-limit: HTTP 429 rate-limit (no Retry-After header in response)	Jadeja be like, bhai hath mila lo to ham jayen.
humko	16	HINGLISH	llm_call_failed_default:rate-limit: HTTP 429 rate-limit (no Retry-After header in response)	Chota bachcha samajh ke humko na aankh dikhaana re.. - Arya Stark AndColorPockeT
incindia	16	HINGLISH	no_context_default	
ishq	16	HINGLISH	llm_call_failed_default:rate-limit: HTTP 429 rate-limit (no Retry-After header in response)	"Yeh ishq nahi asaan, aji AIDS ka khatra hai" Happy Birthday Gulzaar Saab
kaash	16	HINGLISH	llm_call_failed_default:rate-limit: HTTP 429 rate-limit (no Retry-After header in response)	kaash kachua sir bhavnao ko samjh sakte . . :p
kai	16	HINGLISH	llm_call_failed_default:rate-limit: HTTP 429 rate-limit (no Retry-After header in response)	hahaha very nice maine bhi kai bar kiya h .
kajubadamchor	16	HINGLISH	no_context_default	
kamaal	16	HINGLISH	llm_call_failed_default:rate-limit: HTTP 429 rate-limit (no Retry-After header in response)	jabatdast dost . . . . 1 page me rula diya yaar . . . . . kamaal hai . . . . superb nd hatss off to ur crearivity . . .
kardo	16	HINGLISH	llm_call_failed_default:rate-limit: HTTP 429 rate-limit (no Retry-After header in response)	Hi bomanirani sir Apne kaha tha remind kradana Autograph send karna hai so please send kardo .
karu	16	HINGLISH	llm_call_failed_default:rate-limit: HTTP 429 rate-limit (no Retry-After header in response)	FanSidharth Muje dekhne ke liye time nhi milta hai re . Kya karu bata biddu tu bata ? Office me kaam bhi hai bole to
kidhar	16	HINGLISH	llm_call_failed_default:rate-limit: HTTP 429 rate-limit (no Retry-After header in response)	No change in team hum to batting hi karege ... Are ye anushka kidhar hai .. IndvsSA
maal	16	HINGLISH	llm_call_failed_default:rate-limit: HTTP 429 rate-limit (no Retry-After header in response)	ExSecular aaj to mehenga wala maal mangwaya hai OfficeOfRG ne
milega	16	HINGLISH	llm_call_failed_default:rate-limit: HTTP 429 rate-limit (no Retry-After header in response)	HasnaZarooriHai abh call girl ko isi accha kya milega ..
msdhoni	16	HINGLISH	llm_call_failed_default:rate-limit: HTTP 429 rate-limit (no Retry-After header in response)	Ab Kaun Karega Anhoni Ko Honi ? msdhoni dhoni retirement cricket
mushkil	16	HINGLISH	llm_call_failed_default:rate-limit: HTTP 429 rate-limit (no Retry-After header in response)	Ab piyakadd aur anpad ko kya maalum GST tax payers ki life easy banata hai mushkil nahi.
oinkoo	16	HINGLISH	no_context_default	
padhai	16	HINGLISH	llm_call_failed_default:rate-limit: HTTP 429 rate-limit (no Retry-After header in response)	bhai aap bhul gye kya hume social science kisne padhai h , unhone dekha to pitaayi ho jayegi .:(
pappu	16	HINGLISH	llm_call_failed_default:rate-limit: HTTP 429 rate-limit (no Retry-After header in response)	poonamkhatri ApuKalips ho ya pappu ka, in lip year sab chalta hai.
poore	16	HINGLISH	llm_call_failed_default:rate-limit: HTTP 429 rate-limit (no Retry-After header in response)	NeetuGarg6 ArjunIrplast RitaG74 YouTube crores Logon mein ye chand saans lete haanfnewale netaon ne poore pradesh ki saanse kaise rok di
rahulonleave	16	HINGLISH	llm_call_failed_default:rate-limit: HTTP 429 rate-limit (no Retry-After header in response)	Saara seher mujhe PAPPU k naam se janta hai . whereisrahul rahulonleave twistedbollywoddialogues
saara	16	HINGLISH	llm_call_failed_default:rate-limit: HTTP 429 rate-limit (no Retry-After header in response)	GuessTheSong Tu jo dariya mein utre saara paani gulaabi
samjha	16	HINGLISH	llm_call_failed_default:rate-limit: HTTP 429 rate-limit (no Retry-After header in response)	kuch nahi samjha kabhi, itne saare cheezon se deal karna aata toh shayad life mein succesfull hota.
sardesairajdeep	16	HINGLISH	llm_call_failed_default:rate-limit: HTTP 429 rate-limit (no Retry-After header in response)	.2witsofwisdom Main to ready hoon ji, yeh log bhaag rahe hain sardesairajdeep VishalDadlani
sayshardik	16	HINGLISH	llm_call_failed_default:rate-limit: HTTP 429 rate-limit (no Retry-After header in response)	sayshardik pintubaba_ Ye baatli chahiye mujhe :(
srbachchan	16	HINGLISH	no_context_default	
ttrinadasgupta	16	HINGLISH	llm_call_failed_default:rate-limit: HTTP 429 rate-limit (no Retry-After header in response)	ttrinadasgupta Aaila, bahar kyu nahi
utha	16	HINGLISH	llm_call_failed_default:rate-limit: HTTP 429 rate-limit (no Retry-After header in response)	Tweepshikha meri achhai ka toh fayda utha rahe ho tum, mazaak udaa kar.
aadat	15	HINGLISH	llm_call_failed_default:rate-limit: HTTP 429 rate-limit (no Retry-After header in response)	Miss u msd " aadat ho gayi hai aapko captain dekhte hue .. Dhoni
aajtak	15	HINGLISH	llm_call_failed_default:rate-limit: HTTP 429 rate-limit (no Retry-After header in response)	Small village ka bhi news dikhao kabi TripleTalaq Kabi Kashmiri Up Yogi in se bhi bahar niklo Sir Ji aajtak sardesairajdeep
aakhir	15	HINGLISH	llm_call_failed_default:rate-limit: HTTP 429 rate-limit (no Retry-After header in response)	Chahe kitna bhi bada mahagathbandhan kar lo, aakhir mein BJP ne dhoti utaar hi di.
aankhon	15	HINGLISH	llm_call_failed_default:rate-limit: HTTP 429 rate-limit (no Retry-After header in response)	Aankhon hi aankhon mein ishaara hogaya, baithe baithe FIR ka sahara hogaya?
aansoo	15	HINGLISH	llm_call_failed_default:rate-limit: HTTP 429 rate-limit (no Retry-After header in response)	aansoo khushi ke …
acche	15	HINGLISH	llm_call_failed_default:rate-limit: HTTP 429 rate-limit (no Retry-After header in response)	Modi ne Notebandi toh kar di " par hamaare jaise foreveralone engineers ke liye bandi kab dhund dega 0 Kya yahi hai acche din?
apka	15	HINGLISH	llm_call_failed_default:rate-limit: HTTP 429 rate-limit (no Retry-After header in response)	Sir me apka big big fan hu mujy apse call pe bt karni hai ek bar sir mera contact num 03356507139 Skype I.d abdul.rehman6731 plzzzz contact meabdul.rehman.sahabto
asli	15	HINGLISH	llm_call_failed_default:rate-limit: HTTP 429 rate-limit (no Retry-After header in response)	asli power dil me hoti hai friendlii_ghost
babafirki	15	HINGLISH	no_context_default	
bhaiyya	15	HINGLISH	llm_call_failed_default:rate-limit: HTTP 429 rate-limit (no Retry-After header in response)	bhaiyyajispeaks haha.. Haath dho kar aana bhaiyya ji
bloodykamina	15	HINGLISH	no_context_default	
bro	15	HINGLISH	llm_call_failed_default:rate-limit: HTTP 429 rate-limit (no Retry-After header in response)	Ra_Bies Hello saadu saahab (senior bro in law), ki haal chaal?
delhismog	15	HINGLISH	no_context_default	
dikh	15	HINGLISH	llm_call_failed_default:rate-limit: HTTP 429 rate-limit (no Retry-After header in response)	kaalia_bhatt kuch dikh nahi raha
dusre	15	HINGLISH	llm_call_failed_default:rate-limit: HTTP 429 rate-limit (no Retry-After header in response)	Politics parties Obama ji se seekhe apne bhashan me ek dusre pr nishana saadhne ke alawa sirf ' Namastey ' hi kahde to baat ban jaayegi ..
engineeroholic	15	HINGLISH	llm_call_failed_default:rate-limit: HTTP 429 rate-limit (no Retry-After header in response)	engineeroholic pakka kuchh nahi keh sakte
gabbbarsingh	15	HINGLISH	no_context_default	
hashtag	15	HINGLISH	llm_call_failed_default:rate-limit: HTTP 429 rate-limit (no Retry-After header in response)	... abhi aayega rukiye " mehrishisumati : Once upon a time there was a hashtag RailBudget2015 "
humare	15	HINGLISH	llm_call_failed_default:rate-limit: HTTP 429 rate-limit (no Retry-After header in response)	Enjoy krlo humare paise se ...world tour waw. .....
huwa	15	HINGLISH	llm_call_failed_default:rate-limit: HTTP 429 rate-limit (no Retry-After header in response)	Bahot hi galat huwa ya, shraddhanjali arpit karte hai :'(
jawab	15	HINGLISH	llm_call_failed_default:rate-limit: HTTP 429 rate-limit (no Retry-After header in response)	Trump baap ke Dhamki ka bhi jawab do Gandou sirf IK k khelaaf mat bhonko
jisne	15	HINGLISH	llm_call_failed_default:rate-limit: HTTP 429 rate-limit (no Retry-After header in response)	ab voh bola jisne kisi bhi party ko support karne se mana kardiya tha . . a flop show annaji
kachua	15	HINGLISH	llm_call_failed_default:rate-limit: HTTP 429 rate-limit (no Retry-After header in response)	bhai ye kachua sir galat kyo likh rahe hai a2+b2=c2
kamal	15	HINGLISH	llm_call_failed_default:rate-limit: HTTP 429 rate-limit (no Retry-After header in response)	IBleedGreen inshaALLAH aaj hamaray fast bowlers kamal kar dikhayengay
kay	15	HINGLISH	llm_call_failed_default:rate-limit: HTTP 429 rate-limit (no Retry-After header in response)	mhassanaimc can win ager koi dhand ka captain ho , jo kay dur dur tak kahen nahi ha .
khabar	15	HINGLISH	llm_call_failed_default:rate-limit: HTTP 429 rate-limit (no Retry-After header in response)	Aaj kal tere mere pyar ke charche har zubaan par, sabko maalum hai aur sabko khabar hogayi. Could you just play it low profile woman?
khayal	15	HINGLISH	llm_call_failed_default:rate-limit: HTTP 429 rate-limit (no Retry-After header in response)	Saayad mera barwadi ka khayal Mann mai aaya hai " isiliye Trump ne mujhe WashingtonDC bulaya hai !
khuda	15	HINGLISH	llm_call_failed_default:rate-limit: HTTP 429 rate-limit (no Retry-After header in response)	_Agathist jiska koi nahi uska khuda hai
kia	15	HINGLISH	llm_call_failed_default:rate-limit: HTTP 429 rate-limit (no Retry-After header in response)	unhone pehle pic ni dkhi ti kya tmhari jo milne k baad hi ignore kia tmhe . . . ?
ledtvn	15	HINGLISH	no_context_default	
maam	15	HINGLISH	llm_call_failed_default:rate-limit: HTTP 429 rate-limit (no Retry-After header in response)	maam is wrong in rejecting guddu ... acting me to chhora ghana tez hai
maang	15	HINGLISH	llm_call_failed_default:rate-limit: HTTP 429 rate-limit (no Retry-After header in response)	Sunne mai aaya hai k TripleTalaq k baad kuch ladke court jakr Qubool hai replace krke bolozubaankesri ki maang ki hai ... vimaaltroll
naye	15	HINGLISH	llm_call_failed_default:rate-limit: HTTP 429 rate-limit (no Retry-After header in response)	Aaj Indrani ka kitne naye patiyo ka pata chala.. Koi update karega?
neeche	15	HINGLISH	llm_call_failed_default:rate-limit: HTTP 429 rate-limit (no Retry-After header in response)	She called her roomie after reaching her place, saying Urvi yaar 150 udhaar de de plz. Haan kutti pehle ke 600 aur ye dungi, abhi neeche aa
obama	15	HINGLISH	llm_call_failed_default:rate-limit: HTTP 429 rate-limit (no Retry-After header in response)	modi ka majak to obama ne udaya tha :-d
omg	15	HINGLISH	llm_call_failed_default:rate-limit: HTTP 429 rate-limit (no Retry-After header in response)	wowwwwww omg aaj kyu nahi ............love u salman
pada	15	HINGLISH	llm_call_failed_default:rate-limit: HTTP 429 rate-limit (no Retry-After header in response)	match wale din bhi office aana pada but koi na boss se chhupte chhupate online live streaming chalu hai . . . . . . go india go .
samne	15	HINGLISH	llm_call_failed_default:rate-limit: HTTP 429 rate-limit (no Retry-After header in response)	main scooter ke aage khadi hoti thi ... to papa samne dekh nhi pate the .. hehehe
shri	15	HINGLISH	llm_call_failed_default:rate-limit: HTTP 429 rate-limit (no Retry-After header in response)	jaikesarinandan jai shri Ram
sureshpprabhu	15	HINGLISH	llm_call_failed_default:rate-limit: HTTP 429 rate-limit (no Retry-After header in response)	sureshpprabhu Sr.my friend halp plz . Use doodh ki bahut jarurat hai chhota baby hai
thand	15	HINGLISH	llm_call_failed_default:rate-limit: HTTP 429 rate-limit (no Retry-After header in response)	atleast jise thand lagti ho use de diya karo :)
tujhse	15	HINGLISH	llm_call_failed_default:rate-limit: HTTP 429 rate-limit (no Retry-After header in response)	Jabse gst aaya "hai sabne restaurant mei khana shuru kr diya Kyu "behn ghar pe dal roti bhi nahi pakti tujhse ?
vikas	15	HINGLISH	llm_call_failed_default:rate-limit: HTTP 429 rate-limit (no Retry-After header in response)	Sonia Gandhi ko pata nahi tha ki 90% dimag ka vikas 5 saal tak ho jaata hai.
wah	15	HINGLISH	llm_call_failed_default:rate-limit: HTTP 429 rate-limit (no Retry-After header in response)	gantantra divas ke laddu wah bhai kya baat kya baat kya baat . . .
zinda	15	HINGLISH	llm_call_failed_default:rate-limit: HTTP 429 rate-limit (no Retry-After header in response)	GaurangBhardwa1 zinda hu yaar kaafi hai
aayee	14	HINGLISH	llm_call_failed_default:rate-limit: HTTP 429 rate-limit (no Retry-After header in response)	Sirji ye baat kuch samaj nahi aayee
angryoungwoman	14	HINGLISH	llm_call_failed_default:rate-limit: HTTP 429 rate-limit (no Retry-After header in response)	Trump banne ki koshish.. matlab ab yugpurush ji US Prez ka chunaav ladenge ?? God save America angryoungwoman
ashutosh	14	HINGLISH	llm_call_failed_default:rate-limit: HTTP 429 rate-limit (no Retry-After header in response)	ek_samosa_dena BC ashutosh ko kha gayee ?? MasalaBai
baithe	14	HINGLISH	llm_call_failed_default:rate-limit: HTTP 429 rate-limit (no Retry-After header in response)	Khud ba khud radicalize ho gaya, bas baithe baithe
bete	14	HINGLISH	llm_call_failed_default:rate-limit: HTTP 429 rate-limit (no Retry-After header in response)	kaun bole parents ko nahi hai interest unke bete mein :d :d toh bekar mein kyun dekho usse
chacha	14	HINGLISH	llm_call_failed_default:rate-limit: HTTP 429 rate-limit (no Retry-After header in response)	To ye tere chacha ne kiya hai ?
chakkar	14	HINGLISH	llm_call_failed_default:rate-limit: HTTP 429 rate-limit (no Retry-After header in response)	Doosro ka maar ke bana thaa, doosro ka maarne ke chakkar me phasa....
dega	14	HINGLISH	llm_call_failed_default:rate-limit: HTTP 429 rate-limit (no Retry-After header in response)	Haar aur Jeet to khel ka hissa hai. Ye wala bahut din taklif dega wo kissa hai.
dekhta	14	HINGLISH	llm_call_failed_default:rate-limit: HTTP 429 rate-limit (no Retry-After header in response)	ppritam009 nahi bhai. Kam hi aata hu main to mentions jyada dekhta nahi.
didi	14	HINGLISH	llm_call_failed_default:rate-limit: HTTP 429 rate-limit (no Retry-After header in response)	mamtan14 didi abhi apni me time hai
dijiye	14	HINGLISH	llm_call_failed_default:rate-limit: HTTP 429 rate-limit (no Retry-After header in response)	pm sir ek post m n rai ke liye bhi kar dijiye . . . 27 jan ko shaheed huye hai . . . .
gaaliyan	14	HINGLISH	llm_call_failed_default:rate-limit: HTTP 429 rate-limit (no Retry-After header in response)	RT Iam_Prerna : Ye nalayak out bhi honge aur gaaliyan bhi khayenge IndvsPak
gai	14	HINGLISH	llm_call_failed_default:rate-limit: HTTP 429 rate-limit (no Retry-After header in response)	tu such mein pagal ho gai hai......jo ho gya so ho gya babu....ek achhi and happy life start kar....
ghatiya	14	HINGLISH	llm_call_failed_default:rate-limit: HTTP 429 rate-limit (no Retry-After header in response)	visvash ka ashleel bayaan or ab ye ghatiya pann . . . . . . . .
isne	14	HINGLISH	llm_call_failed_default:rate-limit: HTTP 429 rate-limit (no Retry-After header in response)	retardedwriter MeetUunngLee haa isne kar leni chahiye
jhasanjay	14	HINGLISH	llm_call_failed_default:rate-limit: HTTP 429 rate-limit (no Retry-After header in response)	Sir jhasanjay ye bewafai hai. Rahul ji vacations par kya chale gaye aap unhe bhoolkar Roger-Roger karne lage.
jitna	14	HINGLISH	llm_call_failed_default:rate-limit: HTTP 429 rate-limit (no Retry-After header in response)	agar woldcup jitna h na to ..sehwag aur yuvi ko bulale team me
kamaalrkhan	14	HINGLISH	llm_call_failed_default:rate-limit: HTTP 429 rate-limit (no Retry-After header in response)	kamaalrkhan sir ye tweet unko bhej do. Itni Hi-Fi English padh ke wo waise hi suicide kar lega.
khelne	14	HINGLISH	llm_call_failed_default:rate-limit: HTTP 429 rate-limit (no Retry-After header in response)	The Quint " Holi khelne se bacche aatankwaadi ban jaate hain ..!!!
kisko	14	HINGLISH	llm_call_failed_default:rate-limit: HTTP 429 rate-limit (no Retry-After header in response)	Main hamesha sach bolta hu, ache tweets ki kadar kisko hai magar?
klpe	14	HINGLISH	llm_call_failed_default:rate-limit: HTTP 429 rate-limit (no Retry-After header in response)	klpe so ja bhai
kutta	14	HINGLISH	llm_call_failed_default:rate-limit: HTTP 429 rate-limit (no Retry-After header in response)	Ankit LOL ne Arnab ko Modi ka kutta bola . shaam ko maza
mazaak	14	HINGLISH	llm_call_failed_default:rate-limit: HTTP 429 rate-limit (no Retry-After header in response)	Tweepshikha meri achhai ka toh fayda utha rahe ho tum, mazaak udaa kar.
melotus	14	HINGLISH	llm_call_failed_default:rate-limit: HTTP 429 rate-limit (no Retry-After header in response)	melotus Toh AAP common hi hai na? Hadh hai
milna	14	HINGLISH	llm_call_failed_default:rate-limit: HTTP 429 rate-limit (no Retry-After header in response)	YearOfRat batao aap, kahan milna hai? Alllahdin retardedwriter
nickhunterr	14	HINGLISH	llm_call_failed_default:rate-limit: HTTP 429 rate-limit (no Retry-After header in response)	nickhunterr hahaa.. Matlab ab date yaad dilaoge twinitisha
oye	14	HINGLISH	llm_call_failed_default:rate-limit: HTTP 429 rate-limit (no Retry-After header in response)	village_wale oye Shashi sabudana khichdi hai . See prooerly
padegi	14	HINGLISH	llm_call_failed_default:rate-limit: HTTP 429 rate-limit (no Retry-After header in response)	Atheist_Krishna ab to sunny leone ki pic dikhaani padegi zzoker Being_Humor
pareshan	14	HINGLISH	llm_call_failed_default:rate-limit: HTTP 429 rate-limit (no Retry-After header in response)	sonakshisinha bhai indiantweeter ab tu naye naye account bana ke sona ko pareshan karega !!!
pati	14	HINGLISH	llm_call_failed_default:rate-limit: HTTP 429 rate-limit (no Retry-After header in response)	kash guddu ki aur hum sabki ma samjh pati . . . match k din hamara pet match se hi bharta hai . .
pta	14	HINGLISH	llm_call_failed_default:rate-limit: HTTP 429 rate-limit (no Retry-After header in response)	jb pehle hi pta hai ki ye tingu lofer hai . . :d
rakho	14	HINGLISH	llm_call_failed_default:rate-limit: HTTP 429 rate-limit (no Retry-After header in response)	aap gulaab jamun khao bas aur muh band rakho RanaAyyub
ruk	14	HINGLISH	llm_call_failed_default:rate-limit: HTTP 429 rate-limit (no Retry-After header in response)	imcomplicated__ ye zameen ruk jaaye, aasman jhuk jaaye, tera chehra jab nazar aaye
saala	14	HINGLISH	llm_call_failed_default:rate-limit: HTTP 429 rate-limit (no Retry-After header in response)	Tumhara pyar na huwa Vodafone 4G huwa, saala kabhi milta hi nahi.
seedha	14	HINGLISH	llm_call_failed_default:rate-limit: HTTP 429 rate-limit (no Retry-After header in response)	cha cha ? ab seedha Trump nazar aane laga ? Kasab se Trump tak ?
since	14	HINGLISH	llm_call_failed_default:rate-limit: HTTP 429 rate-limit (no Retry-After header in response)	i stole rs 400 from my 1st roomie , he actually thought it was someone else in the wing # since i was his roomie i was beyond suspicion
sirji	14	HINGLISH	llm_call_failed_default:rate-limit: HTTP 429 rate-limit (no Retry-After header in response)	TripleTalaq sirji aap ne to sab chura liya. triple "talaq ram "mandir "vikas appeasement opposition ko kucchh chhodo
srk	14	HINGLISH	llm_call_failed_default:rate-limit: HTTP 429 rate-limit (no Retry-After header in response)	friendlii_ghost srk fans ko waise bhi aur koi kam dhandha to hota nahi Tumharebaap
suresh	14	HINGLISH	no_context_default	
tym	14	HINGLISH	llm_call_failed_default:rate-limit: HTTP 429 rate-limit (no Retry-After header in response)	mai to itne games me b bas ninja turtles , street fighter , car race and mario khel kar khush tha baki games par dhyan dene ka tym kiske pas tha :-d
udhaar	14	HINGLISH	llm_call_failed_default:rate-limit: HTTP 429 rate-limit (no Retry-After header in response)	She called her roomie after reaching her place, saying Urvi yaar 150 udhaar de de plz. Haan kutti pehle ke 600 aur ye dungi, abhi neeche aa
aag	13	HINGLISH	llm_call_failed_default:rate-limit: HTTP 429 rate-limit (no Retry-After header in response)	anuradha_kush Nakaam mohabbat ki aag main jal rahi mahila aur yeh aashiq number 2
abi	13	HINGLISH	llm_call_failed_default:rate-limit: HTTP 429 rate-limit (no Retry-After header in response)	Salman bhai mafi Maglo abi time hi..Muslim bina hit karuga Bajrangi Bhaijan ko...kesi karo gi bhai...apka frns group he hi Muslim
agle	13	HINGLISH	llm_call_failed_default:rate-limit: HTTP 429 rate-limit (no Retry-After header in response)	Hahaha abhi to qualify bhi nahi hui hai, Wenger hoga toh nahi jeetenge, agar Wenger hatt gaya phir to agle 4 saal tak nahi jeetenge!
angrezi	13	HINGLISH	llm_call_failed_default:rate-limit: HTTP 429 rate-limit (no Retry-After header in response)	NotSoNautankee itni angrezi nahi aati.. Hindi me samjhao
bachche	13	HINGLISH	llm_call_failed_default:rate-limit: HTTP 429 rate-limit (no Retry-After header in response)	DefucktiveHumor bachche ko beech me mat lao yaar Atheist_Krishna Ra_Bies
badiya	13	HINGLISH	llm_call_failed_default:rate-limit: HTTP 429 rate-limit (no Retry-After header in response)	bahut badiya , bahut hi undaa , kya baat , kya baat . dil jit liya tune toh . . . :d
banne	13	HINGLISH	llm_call_failed_default:rate-limit: HTTP 429 rate-limit (no Retry-After header in response)	Trump banne ki koshish.. matlab ab yugpurush ji US Prez ka chunaav ladenge ?? God save America angryoungwoman
barkha	13	HINGLISH	llm_call_failed_default:rate-limit: HTTP 429 rate-limit (no Retry-After header in response)	Lol barkha ji kamaal karti hain
bharosa	13	HINGLISH	llm_call_failed_default:rate-limit: HTTP 429 rate-limit (no Retry-After header in response)	Apake upar bharosa hai.. ..bhai! Aap koi galat kam nahi kar sakte.. .. !
bht	13	HINGLISH	llm_call_failed_default:rate-limit: HTTP 429 rate-limit (no Retry-After header in response)	aj apne hum sbko bht hurt kiye salman...apse ye umid nhi thi hum sb ko :-(...bt m also luv u salman...:)
chaar	13	HINGLISH	llm_call_failed_default:rate-limit: HTTP 429 rate-limit (no Retry-After header in response)	ChickenBiryanii ab yahi chaar hai bhai
chatpatidiary	13	HINGLISH	llm_call_failed_default:rate-limit: HTTP 429 rate-limit (no Retry-After header in response)	chatpatidiary tum itne teekhe kyun hote ho mere saath? Kya kiya hai maine?
chutti	13	HINGLISH	llm_call_failed_default:rate-limit: HTTP 429 rate-limit (no Retry-After header in response)	aisa school ho to sunday ki bhi chutti na karun . . . .
dhoka	13	HINGLISH	llm_call_failed_default:rate-limit: HTTP 429 rate-limit (no Retry-After header in response)	RahulGandhi ji namonitish ne corruption ke against jake dhoka diya ya aapne corruption ke sath rahkar janta ko 0 BiharWithTejashwi
dukaan	13	HINGLISH	llm_call_failed_default:rate-limit: HTTP 429 rate-limit (no Retry-After header in response)	RT Nawabzaadaa : Manhoosiyaat ki dukaan imrankhan imrankhan pak ind TeamIndia PAKvsIND IndvsPak WT20 pak
gaane	13	HINGLISH	llm_call_failed_default:rate-limit: HTTP 429 rate-limit (no Retry-After header in response)	YearOfRat haha, inke gaane by God by heart ho jaate hai. Woh bhi Gujarati wale
hamein	13	HINGLISH	llm_call_failed_default:rate-limit: HTTP 429 rate-limit (no Retry-After header in response)	Bhai sab theek? Pyar hamein bhi hai tujhse
hitennarendra	13	HINGLISH	llm_call_failed_default:rate-limit: HTTP 429 rate-limit (no Retry-After header in response)	hitennarendra aajkal hum khud hi ghum rehte hai.. Ladki chhod ke chali gayee. Dil hi toot k reh gaya hai
idhar	13	HINGLISH	llm_call_failed_default:rate-limit: HTTP 429 rate-limit (no Retry-After header in response)	Salmannnnn aaa intezaar idhar ? tere liye ?
im	13	HINGLISH	llm_call_failed_default:rate-limit: HTTP 429 rate-limit (no Retry-After header in response)	OyeMaria Hey bhagwan ... aaj MahaShivratri hai ... aisi baatein naa karein plz ... im a brahmachari like modi ji :p
indvsban	13	HINGLISH	no_context_default	
inki	13	HINGLISH	llm_call_failed_default:rate-limit: HTTP 429 rate-limit (no Retry-After header in response)	nawab_lucknow daya aati hai inki condition pe mujhe..PatheticNitishKaNakliVikas
issi	13	HINGLISH	llm_call_failed_default:rate-limit: HTTP 429 rate-limit (no Retry-After header in response)	slimswamy yehi to hum semjhane ki koshish kar rahe hain. Log to sab kuch ko issi mein tol dete hain. Context: …
jal	13	HINGLISH	llm_call_failed_default:rate-limit: HTTP 429 rate-limit (no Retry-After header in response)	badrirag ArvindKejriwal Tere ko kyun jal rahi hai agar koi apne PM ki degree demand kar raha hai ?
janam	13	HINGLISH	llm_call_failed_default:rate-limit: HTTP 429 rate-limit (no Retry-After header in response)	Ra_Bies sayshardik Daaru peena mera janam siddh adhikar hai aur ye haq mujhse koi nahi chheen sakta :-D
kanhaiya	13	HINGLISH	llm_call_failed_default:rate-limit: HTTP 429 rate-limit (no Retry-After header in response)	himanshujainon DrGarekar ashvasant are bhai uski biwi ne mana kia tha . He is innocent otherwise like # kanhaiya , poor student of JNU
kaunsa	13	HINGLISH	llm_call_failed_default:rate-limit: HTTP 429 rate-limit (no Retry-After header in response)	Suna hai aajkal log OfficeOfRG ke rally k bad GST me se kaunsa product ghataya jayega ispar bet laga rahe hai.
khas	13	HINGLISH	llm_call_failed_default:rate-limit: HTTP 429 rate-limit (no Retry-After header in response)	RT Shaheer_S : NimmyRajan new life Mein thoda busy Hun .. Aur Phone khas pasand Nahi hai Mujhe .
khoob	13	HINGLISH	llm_call_failed_default:rate-limit: HTTP 429 rate-limit (no Retry-After header in response)	Therockstar8 imcomplicated__ khoob kahan hai, sach baat hai ye.
krna	13	HINGLISH	llm_call_failed_default:rate-limit: HTTP 429 rate-limit (no Retry-After header in response)	plzz slaman jrur aana onlin or plzz jrur baat krna apne fans se plzzz..plzzzz...
kyo	13	HINGLISH	llm_call_failed_default:rate-limit: HTTP 429 rate-limit (no Retry-After header in response)	Ja kar Naam puch lo , itna sharmate kyo ho . She will like it .
mehnat	13	HINGLISH	llm_call_failed_default:rate-limit: HTTP 429 rate-limit (no Retry-After header in response)	Aur RahulGandhi ji ne apni hi Party INCIndia aur apne pariwar k itne saalon k is mehnat par ek aur SelfGoal kar diya ...
mildlyclassic	13	HINGLISH	no_context_default	
pani	13	HINGLISH	llm_call_failed_default:rate-limit: HTTP 429 rate-limit (no Retry-After header in response)	mitra_meghna hahahahha aaj bahut pani hai mere pas thy can take how much want
pvsindhu	13	HINGLISH	llm_call_failed_default:rate-limit: HTTP 429 rate-limit (no Retry-After header in response)	PrernaBisht11 di aap bhi meri tarah saari padhai khatam karke abhi badminton dekhne jaa rahe ho ? pvsindhu
rakhna	13	HINGLISH	llm_call_failed_default:rate-limit: HTTP 429 rate-limit (no Retry-After header in response)	zoomphatak apna waada yaad rakhna
saab	13	HINGLISH	llm_call_failed_default:rate-limit: HTTP 429 rate-limit (no Retry-After header in response)	staff room se master saab ki stick le k aana , aur fir usi stick se 5 -5 dono haatho me khaana . . ! missing those days . . !
samjh	13	HINGLISH	llm_call_failed_default:rate-limit: HTTP 429 rate-limit (no Retry-After header in response)	GST is The new Duckworth Lewis method. Jo Aaj Tak Kisi ko samjh nhi aaya
thevacuumhead	13	HINGLISH	no_context_default	
vishwas	13	HINGLISH	llm_call_failed_default:rate-limit: HTTP 429 rate-limit (no Retry-After header in response)	Ab kya batayein, bhediyon par vishwas kiya ja raha hai, vishwasghaaat toh hoga.
wanna	13	HINGLISH	llm_call_failed_default:rate-limit: HTTP 429 rate-limit (no Retry-After header in response)	341 : Best part of the placement orientation was that hot Matki Chick . Really wanna hook up with her . Suggest a way .
yadav	13	HINGLISH	llm_call_failed_default:rate-limit: HTTP 429 rate-limit (no Retry-After header in response)	prabha yadav remember ? ? kese pura ghr utha lete the sir pe :-(
yahin	13	HINGLISH	llm_call_failed_default:rate-limit: HTTP 429 rate-limit (no Retry-After header in response)	Bakwaas polls ke saath yahin hota hai …
aankhein	12	HINGLISH	llm_call_failed_default:rate-limit: HTTP 429 rate-limit (no Retry-After header in response)	Ye sab padhne se pehle meri aankhein kyun nahi phoot gayi …
aayenge	12	HINGLISH	llm_call_failed_default:rate-limit: HTTP 429 rate-limit (no Retry-After header in response)	friendlii_ghost okay sir. hamare bhi din aayenge
afridi	12	HINGLISH	llm_call_failed_default:rate-limit: HTTP 429 rate-limit (no Retry-After header in response)	RT khi_wala : mendhro afridi ki pehlay hee koi izzat nahi . Qandeel is nice singer .
ajeeb	12	HINGLISH	llm_call_failed_default:rate-limit: HTTP 429 rate-limit (no Retry-After header in response)	Priya_Menon ajeeb zabardasti hai khud ki baat rakhne ki. No, thank you.
anyone	12	HINGLISH	llm_call_failed_default:rate-limit: HTTP 429 rate-limit (no Retry-After header in response)	anyone wanna go see shedseven at boro on 14th december ? ? 17 . 50 each . let me know , i really want to go .
baate	12	HINGLISH	llm_call_failed_default:rate-limit: HTTP 429 rate-limit (no Retry-After header in response)	Oye tu kyu badi badi baate karra hi...... Pagal ho kya...
bahaar	12	HINGLISH	llm_call_failed_default:rate-limit: HTTP 429 rate-limit (no Retry-After header in response)	SarcaismAayegi Bihar mein bahaar BadliyeSarkarBadliyeBihar
bahane	12	HINGLISH	llm_call_failed_default:rate-limit: HTTP 429 rate-limit (no Retry-After header in response)	chalks k bahane poora school ghoom lete the :d
bahu	12	HINGLISH	llm_call_failed_default:rate-limit: HTTP 429 rate-limit (no Retry-After header in response)	ye sonia ji ki bahu hai autumnrainwish
baloch	12	HINGLISH	llm_call_failed_default:rate-limit: HTTP 429 rate-limit (no Retry-After header in response)	Hi salman i'm sameer baloch in balochistan i'm biggggg fan of you
banda	12	HINGLISH	llm_call_failed_default:rate-limit: HTTP 429 rate-limit (no Retry-After header in response)	Aao sikhau tumhe ande ka funda, ye nahi pyaare koi maamuli banda …
bech	12	HINGLISH	llm_call_failed_default:rate-limit: HTTP 429 rate-limit (no Retry-After header in response)	ashutosh83B pyaar bech ke faayda kamate ho.. Dilli ki janta kabhi maaf nahi karegi
bhaijan	12	HINGLISH	llm_call_failed_default:rate-limit: HTTP 429 rate-limit (no Retry-After header in response)	Salman ji apka favorite gAna konsa hai bajrangi bhaijan film ka?????
bhopal	12	HINGLISH	no_context_default	
bulaya	12	HINGLISH	llm_call_failed_default:rate-limit: HTTP 429 rate-limit (no Retry-After header in response)	Saayad mera barwadi ka khayal Mann mai aaya hai " isiliye Trump ne mujhe WashingtonDC bulaya hai !
byomkesbakshi	12	HINGLISH	llm_call_failed_default:rate-limit: HTTP 429 rate-limit (no Retry-After header in response)	byomkesbakshi badhai laundo iamkits
chand	12	HINGLISH	llm_call_failed_default:rate-limit: HTTP 429 rate-limit (no Retry-After header in response)	NeetuGarg6 ArjunIrplast RitaG74 YouTube crores Logon mein ye chand saans lete haanfnewale netaon ne poore pradesh ki saanse kaise rok di
chauka	12	HINGLISH	llm_call_failed_default:rate-limit: HTTP 429 rate-limit (no Retry-After header in response)	thats mauke pe chauka ... now no more mauka mauka ads :p indvssa cwc15
chhodo	12	HINGLISH	llm_call_failed_default:rate-limit: HTTP 429 rate-limit (no Retry-After header in response)	.Arpita_joshi13 e29ad41b95b341d sirf tumhare liye, chhodo ye sab hate. Aao pyar ki baatein karein DM par. Ok?
daant	12	HINGLISH	llm_call_failed_default:rate-limit: HTTP 429 rate-limit (no Retry-After header in response)	Shockraborty Mummy aap hamesha mujhe hi daant lagati ho :( beta tum ghar ke bade ho na
dekhe	12	HINGLISH	llm_call_failed_default:rate-limit: HTTP 429 rate-limit (no Retry-After header in response)	YearOfRat agar dekhe jaaye toh sab yahan aise hi hai, unmein se tumhara number last hi hoga!
delhipollution	12	HINGLISH	llm_call_failed_default:rate-limit: HTTP 429 rate-limit (no Retry-After header in response)	2017 to Delhi : Accha chalta hu Dhuaon' me yaad rakhna !! DelhiSmog delhipollution 2017
dhawan	12	HINGLISH	llm_call_failed_default:rate-limit: HTTP 429 rate-limit (no Retry-After header in response)	IndvsSA A . B . De villiers will take revenge from dhawan . India waalo , patakhe footenge ?
dho	12	HINGLISH	llm_call_failed_default:rate-limit: HTTP 429 rate-limit (no Retry-After header in response)	bhaiyyajispeaks haha.. Haath dho kar aana bhaiyya ji
dr	12	HINGLISH	llm_call_failed_default:rate-limit: HTTP 429 rate-limit (no Retry-After header in response)	procrastinating .i need to get ready for the 6th district chicago police rally against violence .chi-town cheer will be performing .king dr .
dunga	12	HINGLISH	llm_call_failed_default:rate-limit: HTTP 429 rate-limit (no Retry-After header in response)	Doston , bhaiayon or bahno meri sarkar aayegi to 1year ma 3cr berojgaron KO naukri dunga ... he he # _
fb	12	HINGLISH	llm_call_failed_default:rate-limit: HTTP 429 rate-limit (no Retry-After header in response)	mizzou commemorates its win over kentucky with a t-shirt . no , really . | dr . saturday - yahoo ! sports http/URL fb
hasi	12	HINGLISH	llm_call_failed_default:rate-limit: HTTP 429 rate-limit (no Retry-After header in response)	Aniket_bhau SanikaRanade bahot hasi aarahi hai tujhe?
hein	12	HINGLISH	llm_call_failed_default:rate-limit: HTTP 429 rate-limit (no Retry-After header in response)	isko kehte hein sachha pyar . . . kohli ke 1 run ko dekhne ke liye , anushka india se sydney aayee thi . . . :)
iamsrk	12	HINGLISH	llm_call_failed_default:rate-limit: HTTP 429 rate-limit (no Retry-After header in response)	iamsrk Varun_dvn kritisanon Shah ka ek comment aur media walle peeche bhaage , waise hee mere manwa mai emotions jaage ;)
jarur	12	HINGLISH	llm_call_failed_default:rate-limit: HTTP 429 rate-limit (no Retry-After header in response)	Salman bhai,kabhi aap samne miljao na,toh jarur apke gale laag jaunga,,taab mera v kick laag jayegi,,,
jarurat	12	HINGLISH	llm_call_failed_default:rate-limit: HTTP 429 rate-limit (no Retry-After header in response)	sureshpprabhu Sr.my friend halp plz . Use doodh ki bahut jarurat hai chhota baby hai
jayenge	12	HINGLISH	llm_call_failed_default:rate-limit: HTTP 429 rate-limit (no Retry-After header in response)	ek_samosa_dena jitne followers mile hai woh bhi chale jayenge bhai!
karlo	12	HINGLISH	llm_call_failed_default:rate-limit: HTTP 429 rate-limit (no Retry-After header in response)	balliawalebaba hahaha.. Ab aaye ho to kuch kaam bhi karlo
kaunsi	12	HINGLISH	llm_call_failed_default:rate-limit: HTTP 429 rate-limit (no Retry-After header in response)	yanha kaunsi train khali chalti hai .
kejri	12	HINGLISH	llm_call_failed_default:rate-limit: HTTP 429 rate-limit (no Retry-After header in response)	choot ko kejri se compare karke choot ko gaali na de Shishir_Singh76
kharaab	12	HINGLISH	llm_call_failed_default:rate-limit: HTTP 429 rate-limit (no Retry-After header in response)	rsairajeswari Zamana kharaab hai.. Shine lajawaab hai: … LagGayiVaat Shine
khol	12	HINGLISH	llm_call_failed_default:rate-limit: HTTP 429 rate-limit (no Retry-After header in response)	" munh khol ke 20 rupay mang liye ..."oh i love this line .
kiske	12	HINGLISH	llm_call_failed_default:rate-limit: HTTP 429 rate-limit (no Retry-After header in response)	mai to itne games me b bas ninja turtles , street fighter , car race and mario khel kar khush tha baki games par dhyan dene ka tym kiske pas tha :-d
koshish	12	HINGLISH	llm_call_failed_default:rate-limit: HTTP 429 rate-limit (no Retry-After header in response)	slimswamy yehi to hum semjhane ki koshish kar rahe hain. Log to sab kuch ko issi mein tol dete hain. Context: …
kro	12	HINGLISH	llm_call_failed_default:rate-limit: HTTP 429 rate-limit (no Retry-After header in response)	kabhi to waqt pe aya kro salu miya..........
krta	12	HINGLISH	llm_call_failed_default:rate-limit: HTTP 429 rate-limit (no Retry-After header in response)	jo jaisa dusro k sath krta h uske sath aisa hi hota h ..he cheated dada ...
krti	12	HINGLISH	llm_call_failed_default:rate-limit: HTTP 429 rate-limit (no Retry-After header in response)	bt ladkyian wahan humesa hi fail krti hain us school main . . .
ladkiyan	12	HINGLISH	llm_call_failed_default:rate-limit: HTTP 429 rate-limit (no Retry-After header in response)	Mall me saari ladkiyan achchi lagti hai GuyFacts
ladko	12	HINGLISH	llm_call_failed_default:rate-limit: HTTP 429 rate-limit (no Retry-After header in response)	HiighBeta ladko se galti ho jaati hai
laggayivaat	12	HINGLISH	no_context_default	
lal	12	HINGLISH	llm_call_failed_default:rate-limit: HTTP 429 rate-limit (no Retry-After header in response)	" Happy birthday " * lal krishna advanji sir *-
layak	12	HINGLISH	llm_call_failed_default:rate-limit: HTTP 429 rate-limit (no Retry-After header in response)	Misbah to Butler: Kuch acha sa khila do yaar, haar gaye! :( Shoaib Akhter: Tu Rehem Kha, Rehem. Usi ke layak hai AUSvPAK
lokarlounfollow	12	HINGLISH	no_context_default	
mene	12	HINGLISH	llm_call_failed_default:rate-limit: HTTP 429 rate-limit (no Retry-After header in response)	mujhe aaj v yaad hai wo din jis din mene pora contra parr kar diya tha . . :d
mohitparmarr	12	HINGLISH	no_context_default	
msgmissionhumanity	12	HINGLISH	no_context_default	
mujh	12	HINGLISH	llm_call_failed_default:rate-limit: HTTP 429 rate-limit (no Retry-After header in response)	Tum chahte ho mujh par police case ho jaaye <\3 :'(
mustwatchmsg	12	HINGLISH	llm_call_failed_default:rate-limit: HTTP 429 rate-limit (no Retry-After header in response)	gurmeetramrahim nain milake dil chura ke chal deye more sanam , humne kha o sun lo jra chlenge sath tore hum , blockbustermsg mustwatchmsg
narendra	12	HINGLISH	llm_call_failed_default:rate-limit: HTTP 429 rate-limit (no Retry-After header in response)	shri narendra modi g mai iss desh ka aisa naagrik hun jisne aaapko prime minister bnane k liye apna ek vote dia . . .
ojasism	12	HINGLISH	no_context_default	
paar	12	HINGLISH	llm_call_failed_default:rate-limit: HTTP 429 rate-limit (no Retry-After header in response)	duck hunt to kabhi paar nhi hui stage mujse , sabse ho jati thi , gussa aata tha us dogi k upar :( :(
padha	12	HINGLISH	llm_call_failed_default:rate-limit: HTTP 429 rate-limit (no Retry-After header in response)	desh ki badkismati .. chai wala p.m...or padha likha p.m maun
pahunch	12	HINGLISH	llm_call_failed_default:rate-limit: HTTP 429 rate-limit (no Retry-After header in response)	ek baar toh guddu ko bhi chalaney detey . . ya idhar bhi pair nahi pahunch rahe ? :p
pakad	12	HINGLISH	llm_call_failed_default:rate-limit: HTTP 429 rate-limit (no Retry-After header in response)	I'm also against arrest of Tanmay Bhat, kaan pakad ke utthak-baithak karwa kar chhod dena chahiye.
purani	12	HINGLISH	llm_call_failed_default:rate-limit: HTTP 429 rate-limit (no Retry-After header in response)	meri purani hai integrated_me isse door rahiyo
ranaayyub	12	HINGLISH	llm_call_failed_default:rate-limit: HTTP 429 rate-limit (no Retry-After header in response)	Didi ranaayyub Yakub bhaijan ke jane ka ghum kuchh kam hua ki nahin?
samay	12	HINGLISH	llm_call_failed_default:rate-limit: HTTP 429 rate-limit (no Retry-After header in response)	sab fevicol ka jod laga k baith jaate hain , india k match k samay mein . . . . :d :d
sapne	12	HINGLISH	llm_call_failed_default:rate-limit: HTTP 429 rate-limit (no Retry-After header in response)	guddu ka haseen sapne :d :v
shahrcasm	12	HINGLISH	no_context_default	
shahrukh	12	HINGLISH	llm_call_failed_default:rate-limit: HTTP 429 rate-limit (no Retry-After header in response)	twinitisha shahrukh ki movies kabhi achi hoti hai?
slimswamy	12	HINGLISH	llm_call_failed_default:rate-limit: HTTP 429 rate-limit (no Retry-After header in response)	slimswamy yehi to hum semjhane ki koshish kar rahe hain. Log to sab kuch ko issi mein tol dete hain. Context: …
sona	12	HINGLISH	llm_call_failed_default:rate-limit: HTTP 429 rate-limit (no Retry-After header in response)	sona nahi hai tumko? Subah uthna hai na jaldi? Sleep
suno	12	HINGLISH	llm_call_failed_default:rate-limit: HTTP 429 rate-limit (no Retry-After header in response)	Kabhi bharat k 1 karode santramplji k anuyayeeyon k man ki bhi suno jo 681 din se nyaya mang rahe h ProteinPledge CriminalAAP Trump
tez	12	HINGLISH	llm_call_failed_default:rate-limit: HTTP 429 rate-limit (no Retry-After header in response)	kuch garam ya thanda khane se agar daanton me tez jhanjhanahat ho , to use sensitivity kahte hain . . . .
their	12	HINGLISH	llm_call_failed_default:rate-limit: HTTP 429 rate-limit (no Retry-After header in response)	Everyone on TL is thanking their Moms.. Bhai aiyaashi karne ke paise to Papa hi dete hai na.. ThankYouPapa
them	12	HINGLISH	llm_call_failed_default:rate-limit: HTTP 429 rate-limit (no Retry-After header in response)	Koi bhi colony mein ghusna ho toh saale puchte hai kahan jaoge? Tell them a random number, B-25 ya G-305, ye jaane denge andar
timesnow	12	HINGLISH	no_context_default	
unhone	12	HINGLISH	llm_call_failed_default:rate-limit: HTTP 429 rate-limit (no Retry-After header in response)	unhone pehle pic ni dkhi ti kya tmhari jo milne k baad hi ignore kia tmhe . . . ?
waali	12	HINGLISH	llm_call_failed_default:rate-limit: HTTP 429 rate-limit (no Retry-After header in response)	is yellow waali 99 , 99 , 999-in-1 me udne waali mario hoti thi . :p
yo	12	HINGLISH	llm_call_failed_default:rate-limit: HTTP 429 rate-limit (no Retry-After header in response)	yo launda to bhokali nikla . . . . .
zamana	12	HINGLISH	llm_call_failed_default:rate-limit: HTTP 429 rate-limit (no Retry-After header in response)	_Agathist hadh hai, achhai ka zamana hi nahi hai. Khhair chhodo
zor	12	HINGLISH	llm_call_failed_default:rate-limit: HTTP 429 rate-limit (no Retry-After header in response)	kitne zor se diltoota hai tumhara?
zzoker	12	HINGLISH	llm_call_failed_default:rate-limit: HTTP 429 rate-limit (no Retry-After header in response)	Atheist_Krishna ab to sunny leone ki pic dikhaani padegi zzoker Being_Humor
aadha	11	HINGLISH	llm_call_failed_default:rate-limit: HTTP 429 rate-limit (no Retry-After header in response)	Subah se na koi favorite mila hai, na mila hai aadha mention.
aakar	11	HINGLISH	llm_call_failed_default:rate-limit: HTTP 429 rate-limit (no Retry-After header in response)	barkhasbutt ashutosh83B Delhi aakar bigad gayi hai
aamir	11	HINGLISH	llm_call_failed_default:rate-limit: HTTP 429 rate-limit (no Retry-After header in response)	Pyar dilon ka mela hai, aur tum usmein ke aamir khan.
aaptards	11	HINGLISH	llm_call_failed_default:rate-limit: HTTP 429 rate-limit (no Retry-After header in response)	KyaUkhaadLega haha.. Tum saale aaptards se umeed bhi kya ki jaa sakti hai
abpnewstv	11	HINGLISH	llm_call_failed_default:rate-limit: HTTP 429 rate-limit (no Retry-After header in response)	Watching again PCkumar at abpnewstv dibang Aaj bhi superhit hai PCkumar
achi	11	HINGLISH	llm_call_failed_default:rate-limit: HTTP 429 rate-limit (no Retry-After header in response)	Diwali Shopping wahan se karo jahan kisi gareeb ki Diwali achi hojaye Diwali deepavali
admin	11	HINGLISH	llm_call_failed_default:rate-limit: HTTP 429 rate-limit (no Retry-After header in response)	lol admin atention seeker h jante bujhte post dala ki coment mile >_<
agli	11	HINGLISH	llm_call_failed_default:rate-limit: HTTP 429 rate-limit (no Retry-After header in response)	JNU mein log isliye Protest kar rahe hai kyonki unki fat rahi ki kahi isi se na uda de agli baar agar antinational activity ki to
agr	11	HINGLISH	llm_call_failed_default:rate-limit: HTTP 429 rate-limit (no Retry-After header in response)	AAJ KA GYAAN 󾌴󾌴boys will be boys 󾌪 inko agr gadha ghoda bakra kuch bi boldo inko cute hi lgta h 󾌩󾌩 Acha_sorry_boys 󾌱 Av
airtel	11	HINGLISH	llm_call_failed_default:rate-limit: HTTP 429 rate-limit (no Retry-After header in response)	Trai ko kya problem Hai jab koi free de Raha Hai jio airtel
akele	11	HINGLISH	llm_call_failed_default:rate-limit: HTTP 429 rate-limit (no Retry-After header in response)	MaryaamShakeel Aaj to kohli tum logo ko akele pela hai , socho zara jb 125 crore log pelenge tab kya hoga ..? IndvsPak
bachhe	11	HINGLISH	llm_call_failed_default:rate-limit: HTTP 429 rate-limit (no Retry-After header in response)	bhai 2 ki shaadi hogayi hai, aur do ke bachhe kahan hai uska pata nahi.
bacho	11	HINGLISH	llm_call_failed_default:rate-limit: HTTP 429 rate-limit (no Retry-After header in response)	ye kia waja hai k west aur asia mein 98% wo log hotay hain jin ka taluq "secularism aur liberalism say hota "hai jo bacho aurto ka rape kertay hain?
bande	11	HINGLISH	llm_call_failed_default:rate-limit: HTTP 429 rate-limit (no Retry-After header in response)	is bande ko Delhi walon ki immaturity par poora bharosa hai …
banta	11	HINGLISH	llm_call_failed_default:rate-limit: HTTP 429 rate-limit (no Retry-After header in response)	haha chalo done. Waise aisa sirf bhai fans bolte hain, "bhai ki picture hai, sunday tak 5 bar to dekhna banta hai.
bday	11	HINGLISH	llm_call_failed_default:rate-limit: HTTP 429 rate-limit (no Retry-After header in response)	Shukriya Bhaijaaaaan... Mere bday pe aj tak mila huva Sabse pyara tohfa.... Bajrangi Bhaijaaaaan....
bheem	11	HINGLISH	llm_call_failed_default:rate-limit: HTTP 429 rate-limit (no Retry-After header in response)	chota bheem new movie kab aayegi sir? can't wait
bhut	11	HINGLISH	llm_call_failed_default:rate-limit: HTTP 429 rate-limit (no Retry-After header in response)	Gurmeetramrahim MustWatchMSG Thank you papaji bhut ghant lage rahe ho
bijli	11	HINGLISH	llm_call_failed_default:rate-limit: HTTP 429 rate-limit (no Retry-After header in response)	jairajsonicivil 10 saal satta me reh kar bijli bhi nahi di gyi isse FailedCMNitish
bleedblue	11	HINGLISH	llm_call_failed_default:rate-limit: HTTP 429 rate-limit (no Retry-After header in response)	MaukaMauka Aaj milega Mauka ! Let the firecrackers begin . 300+ .. Dekh lena South Africa aur Pakistan . bleedblue IndvsSA WorldCup2015
botal	11	HINGLISH	llm_call_failed_default:rate-limit: HTTP 429 rate-limit (no Retry-After header in response)	daaru ki botal bhi di thi. Kahan hai?
bula	11	HINGLISH	llm_call_failed_default:rate-limit: HTTP 429 rate-limit (no Retry-After header in response)	Uber chahiye? 2 minute main a jayegi. Haan chahiye Khud bula lo app khol ke lol
chalane	11	HINGLISH	llm_call_failed_default:rate-limit: HTTP 429 rate-limit (no Retry-After header in response)	What the hell!! Roz ka din rape ki news se start ho raha hai. Insan nahi saale bhediye bhare pade hai maar daalo saalo ko.. jahan dikhe thok do koi case vase chalane ki zarurat nahi
dekhiye	11	HINGLISH	llm_call_failed_default:rate-limit: HTTP 429 rate-limit (no Retry-After header in response)	Did Arun Lal say, "Ye dekhiye Bangladeshi player khushi se apne andkosh takra rahe hain"
dhyaan	11	HINGLISH	llm_call_failed_default:rate-limit: HTTP 429 rate-limit (no Retry-After header in response)	Bunny0_o lol dhyaan se dekho pinned tweets change hoti hai
dhyan	11	HINGLISH	llm_call_failed_default:rate-limit: HTTP 429 rate-limit (no Retry-After header in response)	mai to itne games me b bas ninja turtles , street fighter , car race and mario khel kar khush tha baki games par dhyan dene ka tym kiske pas tha :-d
dikhta	11	HINGLISH	llm_call_failed_default:rate-limit: HTTP 429 rate-limit (no Retry-After header in response)	Tujh mein rab dikhta hai, yaara main kya karoon
doodh	11	HINGLISH	llm_call_failed_default:rate-limit: HTTP 429 rate-limit (no Retry-After header in response)	ishquirrel_ fatte doodh ko kapde se chaan lo .. Phir jo bachega wo paneer hai
doosre	11	HINGLISH	llm_call_failed_default:rate-limit: HTTP 429 rate-limit (no Retry-After header in response)	hahhahahaha . . so true . . doosre section wale toh chhupa diya karte the . . kehte the aagaye fir maangne . . :-(
dutt	11	HINGLISH	llm_call_failed_default:rate-limit: HTTP 429 rate-limit (no Retry-After header in response)	PratipJames321 barkha dutt ki jaati aur gender Ravish ne apnaya tha FarziPatrakarRavishKumar
fark	11	HINGLISH	llm_call_failed_default:rate-limit: HTTP 429 rate-limit (no Retry-After header in response)	TimesNow imagine the mentality .. notebandi aur nasbandi mein fark hi pata aur inhe PM ban na hai 0 GathbandhanWithGhotala
gaana	11	HINGLISH	llm_call_failed_default:rate-limit: HTTP 429 rate-limit (no Retry-After header in response)	FaaduTweets hum sune hai gaana eeka, koyal jaisi awaaj hai, sasura mann behek jaavat hai mithaas se TheVacuumHead
gali	11	HINGLISH	llm_call_failed_default:rate-limit: HTTP 429 rate-limit (no Retry-After header in response)	praktabh bahut badiya ... gali dene me PHD kie ho
gaon	11	HINGLISH	llm_call_failed_default:rate-limit: HTTP 429 rate-limit (no Retry-After header in response)	Ye mera gaon hai aur main is gaon ka Singham Ranchi
gud	11	HINGLISH	llm_call_failed_default:rate-limit: HTTP 429 rate-limit (no Retry-After header in response)	temple run --> an endless run for money gud one :)
gussa	11	HINGLISH	llm_call_failed_default:rate-limit: HTTP 429 rate-limit (no Retry-After header in response)	loveOKplease kuch nahi, ek tweet padh ke gussa aa gaya :/
gyaan	11	HINGLISH	llm_call_failed_default:rate-limit: HTTP 429 rate-limit (no Retry-After header in response)	nehagoyal29 kripya vote karein aur gyaan na baatein. yahan sabhi gyaani hain.
haryana	11	HINGLISH	llm_call_failed_default:rate-limit: HTTP 429 rate-limit (no Retry-After header in response)	Jo dikhta hai wo bikta hai... No hai tauba on haryana rape.
himmat	11	HINGLISH	llm_call_failed_default:rate-limit: HTTP 429 rate-limit (no Retry-After header in response)	Vipul_tweets_ dekhne ki himmat nahi hui ab tak
hokar	11	HINGLISH	llm_call_failed_default:rate-limit: HTTP 429 rate-limit (no Retry-After header in response)	future like "Mera Tattoo bada hokar IIT jaega" ?? …
huye	11	HINGLISH	llm_call_failed_default:rate-limit: HTTP 429 rate-limit (no Retry-After header in response)	Jitna log padmaavti movie ko ban karne m lage huye h utna agar ye log rape karne walo k khilaaf hote toh desh aaj kuch or hota..
indvpak	11	HINGLISH	no_context_default	
intezaar	11	HINGLISH	llm_call_failed_default:rate-limit: HTTP 429 rate-limit (no Retry-After header in response)	Salmannnnn aaa intezaar idhar ? tere liye ?
jaake	11	HINGLISH	llm_call_failed_default:rate-limit: HTTP 429 rate-limit (no Retry-After header in response)	Bhai tu marathi hai.. tu jaake sairat dekh
jashn	11	HINGLISH	llm_call_failed_default:rate-limit: HTTP 429 rate-limit (no Retry-After header in response)	Jeet ka jashn aur shubah ki shuruat — eating bread pakoda at Tandon's Cottage Vaishali Damoh
jitni	11	HINGLISH	llm_call_failed_default:rate-limit: HTTP 429 rate-limit (no Retry-After header in response)	Happy bday YesIamSaffron frnd.. Bhagwaan kare aapke paas Sonia Gandhi jitna paisa aur Digvijay Singh jitni biwiya mile
kafi	11	HINGLISH	llm_call_failed_default:rate-limit: HTTP 429 rate-limit (no Retry-After header in response)	ye ek baar hi bolo kafi hai isaifpatel
kahani	11	HINGLISH	llm_call_failed_default:rate-limit: HTTP 429 rate-limit (no Retry-After header in response)	teri meri ek hi kahani bhai.
karein	11	HINGLISH	llm_call_failed_default:rate-limit: HTTP 429 rate-limit (no Retry-After header in response)	.Arpita_joshi13 e29ad41b95b341d sirf tumhare liye, chhodo ye sab hate. Aao pyar ki baatein karein DM par. Ok?
kese	11	HINGLISH	llm_call_failed_default:rate-limit: HTTP 429 rate-limit (no Retry-After header in response)	Hii bhaii.. Aap kese ho..?? Agar aap.mera cmmnt padh rhe ho toh plz ek reply kar dena
khada	11	HINGLISH	llm_call_failed_default:rate-limit: HTTP 429 rate-limit (no Retry-After header in response)	pank_it haha! ICICI ke line mein khada hu shaam 6 baje se, ab tak number nahi aaya
khali	11	HINGLISH	llm_call_failed_default:rate-limit: HTTP 429 rate-limit (no Retry-After header in response)	yanha kaunsi train khali chalti hai .
khao	11	HINGLISH	llm_call_failed_default:rate-limit: HTTP 429 rate-limit (no Retry-After header in response)	aap gulaab jamun khao bas aur muh band rakho RanaAyyub
khareed	11	HINGLISH	llm_call_failed_default:rate-limit: HTTP 429 rate-limit (no Retry-After header in response)	Ye baat bhul mat ! Jis network par hum Tera Snapchat chala Rahe Hai na uska owner tujhe 1 min mai khareed sakta hai ! jio
kijiye	11	HINGLISH	llm_call_failed_default:rate-limit: HTTP 429 rate-limit (no Retry-After header in response)	Modi ji ... MannKiBaat chhoriye aur Gun ki baat kijiye pakistano se
kyuki	11	HINGLISH	llm_call_failed_default:rate-limit: HTTP 429 rate-limit (no Retry-After header in response)	Ye uske liye jo UPElection 2017 jitega " kyuki holi vhi celebrate krega n .
mandir	11	HINGLISH	llm_call_failed_default:rate-limit: HTTP 429 rate-limit (no Retry-After header in response)	.JhaSanjay 1.25 rupaye mandir me chadaye ?
namo	11	HINGLISH	llm_call_failed_default:rate-limit: HTTP 429 rate-limit (no Retry-After header in response)	delhi kya desh ko bachayenge namo , gadhele akhbaar
nehi	11	HINGLISH	llm_call_failed_default:rate-limit: HTTP 429 rate-limit (no Retry-After header in response)	RT kchowdhury9 : boycottraees ye movie ab nehi lana
paa	11	HINGLISH	llm_call_failed_default:rate-limit: HTTP 429 rate-limit (no Retry-After header in response)	aww my daddy is best too . . i love my paa . . :)
paida	11	HINGLISH	llm_call_failed_default:rate-limit: HTTP 429 rate-limit (no Retry-After header in response)	Journo: Laluji, aapne 11 bacche kyon paida kiye? Lalu: Kyonki uske baad hum thak gaye thay.
paytm	11	HINGLISH	llm_call_failed_default:rate-limit: HTTP 429 rate-limit (no Retry-After header in response)	Pizza toh 1+1 suna tha, ab SultanTicketsOnPaytm bhi 1+1 Wah paytm !
pila	11	HINGLISH	llm_call_failed_default:rate-limit: HTTP 429 rate-limit (no Retry-After header in response)	Champ_Nikk aaja tujhe bhi pila du chai
pointkyahai	11	HINGLISH	no_context_default	
purane	11	HINGLISH	llm_call_failed_default:rate-limit: HTTP 429 rate-limit (no Retry-After header in response)	tweeting_pal Isiliye aajkal koi kuch bhi bol ke chala jata hai.. Lagta hai purane bolshu ko phir se laana padega..
qandeel	11	HINGLISH	llm_call_failed_default:rate-limit: HTTP 429 rate-limit (no Retry-After header in response)	RT rashidcha1 : 65Alazeem mudasar_zaffar qandeel Baloch pehle se janti thi pak nh jeet pae ga match .. 😂😂
raggedtag	11	HINGLISH	llm_call_failed_default:rate-limit: HTTP 429 rate-limit (no Retry-After header in response)	LaliJogan37 Teacher Didi aap marwaogi hume.. Waise ye raggedtag kaun hai ?
rahulroushan	11	HINGLISH	llm_call_failed_default:rate-limit: HTTP 429 rate-limit (no Retry-After header in response)	rahulroushan Dosti bani rahe
raina	11	HINGLISH	llm_call_failed_default:rate-limit: HTTP 429 rate-limit (no Retry-After header in response)	ab ye sab faltu ki baat karke raina ka life kharab mat karo . . .
rajiv	11	HINGLISH	llm_call_failed_default:rate-limit: HTTP 429 rate-limit (no Retry-After header in response)	so he kissed u @ rajiv chowk metro station . . . . . . wahan toh itni bheed hoti hain . . . . . . ! sach main aisa hua tha kya ?
rakhi	11	HINGLISH	llm_call_failed_default:rate-limit: HTTP 429 rate-limit (no Retry-After header in response)	WatDaDuck_ Toote dhanush ke neeche rakhi thi. :D
rakhne	11	HINGLISH	llm_call_failed_default:rate-limit: HTTP 429 rate-limit (no Retry-After header in response)	Priya_Menon ajeeb zabardasti hai khud ki baat rakhne ki. No, thank you.
rona	11	HINGLISH	llm_call_failed_default:rate-limit: HTTP 429 rate-limit (no Retry-After header in response)	Ghu mein pair rakhoge toh dhona padega, pyaar mein padoge toh rona padega. Irshaad
sabka	11	HINGLISH	llm_call_failed_default:rate-limit: HTTP 429 rate-limit (no Retry-After header in response)	notebandi effect hai bhir BHI vikash to sabka sath sabka Vikash me hai GujratstandwithModi
sher	11	HINGLISH	llm_call_failed_default:rate-limit: HTTP 429 rate-limit (no Retry-After header in response)	sunny_congress are waah !! ..... dharti maa ka yaad ... supperb tu sawa sher h
shraddhakapoor	11	HINGLISH	no_context_default	
sritikadhar	11	HINGLISH	no_context_default	
sunne	11	HINGLISH	llm_call_failed_default:rate-limit: HTTP 429 rate-limit (no Retry-After header in response)	Sahab logo ki MannKiBaat sunne s accaha hai zaara apne party kaho karm karei faal k ichaa na karei JantaSaabJanti hai " wt for new change
surgicalstrikes	11	HINGLISH	llm_call_failed_default:rate-limit: HTTP 429 rate-limit (no Retry-After header in response)	surgicalstrikes Duniyan ne loha mana hai .. gadaro aur deshdrohio ki tolly me hahakar hai . Aur dusman muh chipa kar dar se saham gaya hai .
taiyaar	11	HINGLISH	llm_call_failed_default:rate-limit: HTTP 429 rate-limit (no Retry-After header in response)	bas abhi pahonche, taiyaar raho
ulta	11	HINGLISH	llm_call_failed_default:rate-limit: HTTP 429 rate-limit (no Retry-After header in response)	tum ye karoge mere saath? Maine aaj tak tumhe kuch ulta bhi kahan hai? Hadh hoti hai
utar	11	HINGLISH	llm_call_failed_default:rate-limit: HTTP 429 rate-limit (no Retry-After header in response)	Bhai ki raat ki utar gayi …
virodh	11	HINGLISH	llm_call_failed_default:rate-limit: HTTP 429 rate-limit (no Retry-After header in response)	Petrol prices hike kya koi bhi virodh karne wala nahi bacha thewirehindi PatrikaNews ravishndtv petrolPrice GST
vodafone	11	HINGLISH	llm_call_failed_default:rate-limit: HTTP 429 rate-limit (no Retry-After header in response)	LittleJudgyEyes yar sahi toh hai vodafone . Kya issue hai ?
aagaye	10	HINGLISH	llm_call_failed_default:rate-limit: HTTP 429 rate-limit (no Retry-After header in response)	Mecca Medina ki story batao inhe koi, aagaye doosron par unglee uthaane. …
aai	10	HINGLISH	llm_call_failed_default:rate-limit: HTTP 429 rate-limit (no Retry-After header in response)	surgicalstrike pe question nahi karne chahiye Itni samajh election harne ke bad aai . agar pahle hi pata tha to kyon chup rahe .
ambani	10	HINGLISH	llm_call_failed_default:rate-limit: HTTP 429 rate-limit (no Retry-After header in response)	doctor_sidhant aap bahut rare breed ho. Sab ambani agent mein ek tata agent mila
amitshah	10	HINGLISH	llm_call_failed_default:rate-limit: HTTP 429 rate-limit (no Retry-After header in response)	Sir amitshah Pappu ko Brotain bhejne ke liye aapke BJP ke aalsi MP kya kar rahe hai ?? Humne aapko vote diya.. Aap jawaab de
ankit	10	HINGLISH	llm_call_failed_default:rate-limit: HTTP 429 rate-limit (no Retry-After header in response)	toastingtoaster M blocked by barkha, dadlani, rajdeep, kejriwal, kumar vishwas, ankit lal, ankit jain, kavita krishnan
ayega	10	HINGLISH	llm_call_failed_default:rate-limit: HTTP 429 rate-limit (no Retry-After header in response)	KiskiDilli congratts to New Govt . Of Delhi , varanasi k AssiGhat m free WiFi aagya , dekhte h delhi m kab ayega .
ayye	10	HINGLISH	llm_call_failed_default:rate-limit: HTTP 429 rate-limit (no Retry-After header in response)	iamEvilPrince ShraddhaKapoor FitbitIN ayye Chupp tu, bhabhi hai teri
bacche	10	HINGLISH	llm_call_failed_default:rate-limit: HTTP 429 rate-limit (no Retry-After header in response)	Journo: Laluji, aapne 11 bacche kyon paida kiye? Lalu: Kyonki uske baad hum thak gaye thay.
bache	10	HINGLISH	llm_call_failed_default:rate-limit: HTTP 429 rate-limit (no Retry-After header in response)	Kal Modi ji Dubai se 4.5 lakh crore le kar aaye.. Aaj Bihar ko 1.25 de diya.. Ab bache 3.25 lakh crore
banao	10	HINGLISH	llm_call_failed_default:rate-limit: HTTP 429 rate-limit (no Retry-After header in response)	arey bhai pm ho . . desh ko ullu mat banao !
banna	10	HINGLISH	llm_call_failed_default:rate-limit: HTTP 429 rate-limit (no Retry-After header in response)	Bahot zor se food blogger banna hai, khaane peene ke vaande hai.
banti	10	HINGLISH	llm_call_failed_default:rate-limit: HTTP 429 rate-limit (no Retry-After header in response)	am " pahle TripleTalaq gaya .. Aur ab RightToPrivacy bhi aa gaya .. ab to double Party banti hai aapki taraf se 0
barabar	10	HINGLISH	llm_call_failed_default:rate-limit: HTTP 429 rate-limit (no Retry-After header in response)	Indians: Ghar ki murgi daal barabar Spaniards: Ghar ki murgi Na-dal barabar
bcci	10	HINGLISH	llm_call_failed_default:rate-limit: HTTP 429 rate-limit (no Retry-After header in response)	Aur abhi Kohli ne Dhoni ki li hai - I mean captaincy ! Cricketstories bcci
bdutt	10	HINGLISH	no_context_default	
bechare	10	HINGLISH	llm_call_failed_default:rate-limit: HTTP 429 rate-limit (no Retry-After header in response)	LOL, phenk deta to bechare ka phir kat jaata bill, isiliye lauta diya chup chaap. EkBhaiKeLiye
bheja	10	HINGLISH	llm_call_failed_default:rate-limit: HTTP 429 rate-limit (no Retry-After header in response)	She wants to see my ration card.. Apne ghar se Bajrangi Bhaijaan ko bheja tha.. Bhool gayee …
bhejo	10	HINGLISH	llm_call_failed_default:rate-limit: HTTP 429 rate-limit (no Retry-After header in response)	huh_watnow kitni baar bhi bhejo kam hai twinitisha
chaal	10	HINGLISH	llm_call_failed_default:rate-limit: HTTP 429 rate-limit (no Retry-After header in response)	contra mein double player khelte waqt jab kisi ki chaal khatm ho jati thi toh c ka button dabakr saath wale ki chaal utarne ka maza hi kuchh aur hua karta tha . . . .
chota	10	HINGLISH	llm_call_failed_default:rate-limit: HTTP 429 rate-limit (no Retry-After header in response)	chota bheem new movie kab aayegi sir? can't wait
could	10	HINGLISH	llm_call_failed_default:rate-limit: HTTP 429 rate-limit (no Retry-After header in response)	RT coolfunnytshirt : Mithunda could sue Kapil Sharma for copyright infringement of ' babaji ka thullu '
darna	10	HINGLISH	llm_call_failed_default:rate-limit: HTTP 429 rate-limit (no Retry-After header in response)	Ra_Bies Jab Panga liya to darna kya. Panga liya koi chori nahi ki.. Chup chup sly karna kya.. Jab Panga liya to darna kya.
dekar	10	HINGLISH	llm_call_failed_default:rate-limit: HTTP 429 rate-limit (no Retry-After header in response)	Christians are laughing somewhere.. Saying "Tum kisi bhi dharm me paida ho. Hum tumhe khane ka laalach dekar isaai bana lenge HAHAHAHA"
dhan	10	HINGLISH	llm_call_failed_default:rate-limit: HTTP 429 rate-limit (no Retry-After header in response)	RT Hindi_Liverpool : O tujhe dekhte hi dil mein dhan te nan hogaya Main tera haaye re jabra Hoye re jabra fan ho gaya !! Klopp BossTha ht
dharm	10	HINGLISH	llm_call_failed_default:rate-limit: HTTP 429 rate-limit (no Retry-After header in response)	Unhone dharm nibhaya, masum bachpana nibha rahi hai.
dikhane	10	HINGLISH	llm_call_failed_default:rate-limit: HTTP 429 rate-limit (no Retry-After header in response)	Koi fayda hai inko ye sab dikhane se????
dikhao	10	HINGLISH	llm_call_failed_default:rate-limit: HTTP 429 rate-limit (no Retry-After header in response)	Small village ka bhi news dikhao kabi TripleTalaq Kabi Kashmiri Up Yogi in se bhi bahar niklo Sir Ji aajtak sardesairajdeep
dilwale	10	HINGLISH	llm_call_failed_default:rate-limit: HTTP 429 rate-limit (no Retry-After header in response)	Sarcastic_Raj Good Morning aaj dilwale aayegi
dua	10	HINGLISH	llm_call_failed_default:rate-limit: HTTP 429 rate-limit (no Retry-After header in response)	Ied mubarak ho salmaan g.khuda se dua hai,aapki ye movie bhi badi hit ho,aapki last movis ki tarah.
etc	10	HINGLISH	llm_call_failed_default:rate-limit: HTTP 429 rate-limit (no Retry-After header in response)	Ghar main Agarbatti din main do baar use hoti hai. Pooja important hai but "Pooja "Archana Sadhana etc nahi. GSTCouncil GST
exsecular	10	HINGLISH	no_context_default	
facebook	10	HINGLISH	llm_call_failed_default:rate-limit: HTTP 429 rate-limit (no Retry-After header in response)	twinitisha facebook pe abhi sab diwali mana rahe hai
fayda	10	HINGLISH	llm_call_failed_default:rate-limit: HTTP 429 rate-limit (no Retry-After header in response)	narendramodi arunjaitley "Sir GST rate cut ka fayda Consumer ko nahi mil raha "hai trader base price up karke usi price par bechta hai
gandi	10	HINGLISH	llm_call_failed_default:rate-limit: HTTP 429 rate-limit (no Retry-After header in response)	huh_watnow chee chee gandi baatein
garam	10	HINGLISH	llm_call_failed_default:rate-limit: HTTP 429 rate-limit (no Retry-After header in response)	kuch garam ya thanda khane se agar daanton me tez jhanjhanahat ho , to use sensitivity kahte hain . . . .
ghum	10	HINGLISH	llm_call_failed_default:rate-limit: HTTP 429 rate-limit (no Retry-After header in response)	hitennarendra aajkal hum khud hi ghum rehte hai.. Ladki chhod ke chali gayee. Dil hi toot k reh gaya hai
gyan	10	HINGLISH	llm_call_failed_default:rate-limit: HTTP 429 rate-limit (no Retry-After header in response)	Sir GST pe yeh gyan baṅṭna band kijiye! GSTN ki website pe ek return file karo pata chalega! Har cheez ka dam badha diya!
haa	10	HINGLISH	llm_call_failed_default:rate-limit: HTTP 429 rate-limit (no Retry-After header in response)	Koey baat nahi abhi bee Game 0n haa Pakistan kee WT20
hahah	10	HINGLISH	llm_call_failed_default:rate-limit: HTTP 429 rate-limit (no Retry-After header in response)	kaushal :d hahah ye wala dekh bhai ultimate h
hawa	10	HINGLISH	llm_call_failed_default:rate-limit: HTTP 429 rate-limit (no Retry-After header in response)	Cong leaders ... behti hawa sa tha woh ... kaha gaya ussey dundo WhereIsRahul
hogaye	10	HINGLISH	llm_call_failed_default:rate-limit: HTTP 429 rate-limit (no Retry-After header in response)	anna bhi aap me shamil hogaye . imandari koi nahi sab politics me entry marke lutna chahate hai .
humein	10	HINGLISH	llm_call_failed_default:rate-limit: HTTP 429 rate-limit (no Retry-After header in response)	satankinani phir jooton se keh do ki wo saaf rahen varna aapke haseen paon maile ho jayenge. humein manzoor nahi.
humse	10	HINGLISH	llm_call_failed_default:rate-limit: HTTP 429 rate-limit (no Retry-After header in response)	Raj Thackeray: Pay Rs.5 crores Karan Johar: Kabhi ye humse ladta hai kabhi jhagadta hai, koi paas iske na aana, ye ladka hai deewana.
inhone	10	HINGLISH	llm_call_failed_default:rate-limit: HTTP 429 rate-limit (no Retry-After header in response)	Zameer naam ki koi cheez toh hai hi nahin. Poora gandh inhone hi badhaya hua hai.
into	10	HINGLISH	llm_call_failed_default:rate-limit: HTTP 429 rate-limit (no Retry-After header in response)	luk into her eyes . . hold her hands and say\ " baby m srry\ " that's gonna solve evrythin . .
iphone	10	HINGLISH	llm_call_failed_default:rate-limit: HTTP 429 rate-limit (no Retry-After header in response)	agar government ek baar saare bhikariyo ko iphone free me baant de to . . . india ke bahut saare log bevkoof ban ne se bach jayenge . . jo sirf naam ke karan phone kharidte hai .
jaakar	10	HINGLISH	llm_call_failed_default:rate-limit: HTTP 429 rate-limit (no Retry-After header in response)	Yeh hi galat kar diya Modiji ne, America aur England jaakar burger khana chahiye tha. …
jadeja	10	HINGLISH	llm_call_failed_default:rate-limit: HTTP 429 rate-limit (no Retry-After header in response)	Khoobsurati ke saath jadeja ne phir ek baar hagg diya hai. IndVsWI
jb	10	HINGLISH	llm_call_failed_default:rate-limit: HTTP 429 rate-limit (no Retry-After header in response)	MaryaamShakeel Aaj to kohli tum logo ko akele pela hai , socho zara jb 125 crore log pelenge tab kya hoga ..? IndvsPak
jhoot	10	HINGLISH	llm_call_failed_default:rate-limit: HTTP 429 rate-limit (no Retry-After header in response)	Lala_The_Don Bahut ho gaya drama Nitish jee..Ab aapka jhoot ka parda uth gaya hai NitishKaNakliVikas
jitne	10	HINGLISH	llm_call_failed_default:rate-limit: HTTP 429 rate-limit (no Retry-After header in response)	itne error to CA banne me nahi aarahe jitne GST Return File karne me aarahe hai arunjaitley hey mahapurush aaye ek GSTRETURN file karke dikhaye jitne baal bache hai vo bhi ud jayege :x andherinagrichopatraja
kaale	10	HINGLISH	llm_call_failed_default:rate-limit: HTTP 429 rate-limit (no Retry-After header in response)	ok ab mai ja rhi hu byee....jhuth bolw kauwa kaatw kaale kauwe sw aap dariyo salmaan sir
kaan	10	HINGLISH	llm_call_failed_default:rate-limit: HTTP 429 rate-limit (no Retry-After header in response)	I'm also against arrest of Tanmay Bhat, kaan pakad ke utthak-baithak karwa kar chhod dena chahiye.
kapil	10	HINGLISH	llm_call_failed_default:rate-limit: HTTP 429 rate-limit (no Retry-After header in response)	Nhi aayege woh busy promotion krne mein .sunday ko kapil ke show mein jao. Face to face
kash	10	HINGLISH	llm_call_failed_default:rate-limit: HTTP 429 rate-limit (no Retry-After header in response)	kash guddu ki aur hum sabki ma samjh pati . . . match k din hamara pet match se hi bharta hai . .
khaana	10	HINGLISH	llm_call_failed_default:rate-limit: HTTP 429 rate-limit (no Retry-After header in response)	staff room se master saab ki stick le k aana , aur fir usi stick se 5 -5 dono haatho me khaana . . ! missing those days . . !
khate	10	HINGLISH	llm_call_failed_default:rate-limit: HTTP 429 rate-limit (no Retry-After header in response)	India me 40% log naashte me outrage khate hai..
khaye	10	HINGLISH	llm_call_failed_default:rate-limit: HTTP 429 rate-limit (no Retry-After header in response)	YearOfRat shaadi ka laddoo sir.. Jo khaye wo bhi pachtaaye aur jo na khaye wo bhi
khelta	10	HINGLISH	llm_call_failed_default:rate-limit: HTTP 429 rate-limit (no Retry-After header in response)	RT ruchikokcha : Atheist_Krishna Isiliye ( sadly ) I am perhaps the only woman jisey Kohli ko khelta dekh bhai wali feeling aati hai .
khilaf	10	HINGLISH	llm_call_failed_default:rate-limit: HTTP 429 rate-limit (no Retry-After header in response)	agar ayesi he baat hai toh peechley 15 saalo se bjp waaley congress ke khilaf apna 'prattyashi' kyu khara kartey thein delhi vidhansabha election mein . . . ?
lanka	10	HINGLISH	llm_call_failed_default:rate-limit: HTTP 429 rate-limit (no Retry-After header in response)	MildlyClassic India aur Sri lanka ek hi hai sir
majak	10	HINGLISH	llm_call_failed_default:rate-limit: HTTP 429 rate-limit (no Retry-After header in response)	twinitisha chhod majak kar raha tha :)
mandal	10	HINGLISH	llm_call_failed_default:rate-limit: HTTP 429 rate-limit (no Retry-After header in response)	iamankursjain akshaykanitkar mandal aabhari _/\_
marne	10	HINGLISH	llm_call_failed_default:rate-limit: HTTP 429 rate-limit (no Retry-After header in response)	Kyunke ye janta ke liye sabse bada lollipop "hai jawan ko marne "do kisan ko marne "do bas ek anti muslim mudda like TripleTalaq utha do TripleTalaq aajtak
milkar	10	HINGLISH	llm_call_failed_default:rate-limit: HTTP 429 rate-limit (no Retry-After header in response)	Atheist_Krishna Aao kare is samasya ka nidaan milkar BadliyeSarkarBadliyeBihar
milke	10	HINGLISH	llm_call_failed_default:rate-limit: HTTP 429 rate-limit (no Retry-After header in response)	IamVibhor_ Suno gaur se Duniya walon, Aao milke CostaCoffeeInd ke saath ek FREEDOMASH bana lo :)
msd	10	HINGLISH	llm_call_failed_default:rate-limit: HTTP 429 rate-limit (no Retry-After header in response)	Miss u msd " aadat ho gayi hai aapko captain dekhte hue .. Dhoni
muje	10	HINGLISH	llm_call_failed_default:rate-limit: HTTP 429 rate-limit (no Retry-After header in response)	Apne muje reply kiya to 'aj ki party meri taraf se'
mujhko	10	HINGLISH	llm_call_failed_default:rate-limit: HTTP 429 rate-limit (no Retry-After header in response)	"Kisi aur ki mujhko zaroorat kya, main toh khud se pyaar jataun" - Sheila (circa 2010) SinglesInspirationalQuotes
nainkatary	10	HINGLISH	llm_call_failed_default:rate-limit: HTTP 429 rate-limit (no Retry-After header in response)	nainkatary arre, miss kar diya maine... itni pyari shakal hai tumhari
nautanki	10	HINGLISH	llm_call_failed_default:rate-limit: HTTP 429 rate-limit (no Retry-After header in response)	sir . . chehre pr mat jaiye . . bahut nautanki baaj hai yeh launda . . :p
nikla	10	HINGLISH	llm_call_failed_default:rate-limit: HTTP 429 rate-limit (no Retry-After header in response)	Saabun ki shakal mein, beta tu to nikla kewal jhaag. …
paap	10	HINGLISH	llm_call_failed_default:rate-limit: HTTP 429 rate-limit (no Retry-After header in response)	Phir bhi paap nahi dhulenge tere Kaju …
patakhe	10	HINGLISH	llm_call_failed_default:rate-limit: HTTP 429 rate-limit (no Retry-After header in response)	mere pakistani bhaiyo . . . . . . . . . apne sare patakhe hume hi bhej do kyunki jis terah tumhari team khel rahi hai us tereh to tum log koi patakhe na jla paoge
phool	10	HINGLISH	llm_call_failed_default:rate-limit: HTTP 429 rate-limit (no Retry-After header in response)	RT k01768938 : sangita_salman Saw phool khele jab ye khele roop sunhara , saw chand bana jab ye bana chand sa chehra . Accha laga sangita !
piche	10	HINGLISH	llm_call_failed_default:rate-limit: HTTP 429 rate-limit (no Retry-After header in response)	mujhe kbhi kisi ne gaadi pe nhi baithaya . . . main to hamesha unke piche he daudta . . .
pootna	10	HINGLISH	llm_call_failed_default:rate-limit: HTTP 429 rate-limit (no Retry-After header in response)	Ra_Bies Sir pootna theek hai ya nahi
rah	10	HINGLISH	llm_call_failed_default:rate-limit: HTTP 429 rate-limit (no Retry-After header in response)	TinaSharmaT Yeh IPL9 match mein maza nahi aa rah hai just boring
rehne	10	HINGLISH	llm_call_failed_default:rate-limit: HTTP 429 rate-limit (no Retry-After header in response)	ruchikokcha Kyu taqleef dena chahte ho? Aise hi khush rehne do logon ko. Bechare
rehti	10	HINGLISH	llm_call_failed_default:rate-limit: HTTP 429 rate-limit (no Retry-After header in response)	WaggishNushki haar jeet to chalti rehti hai
saalo	10	HINGLISH	llm_call_failed_default:rate-limit: HTTP 429 rate-limit (no Retry-After header in response)	agar ayesi he baat hai toh peechley 15 saalo se bjp waaley congress ke khilaf apna 'prattyashi' kyu khara kartey thein delhi vidhansabha election mein . . . ?
sabha	10	HINGLISH	llm_call_failed_default:rate-limit: HTTP 429 rate-limit (no Retry-After header in response)	anna ji . . . . lok sabha chunav mein varanasi wala episode bhul gaye . . . ! ! ! !
sabke	10	HINGLISH	llm_call_failed_default:rate-limit: HTTP 429 rate-limit (no Retry-After header in response)	sabke account me 15 lakh jama honewale the !
sagarikaghose	10	HINGLISH	llm_call_failed_default:rate-limit: HTTP 429 rate-limit (no Retry-After header in response)	ye ketu aur Rajdeep Rahu ? sagarikaghose
samjho	10	HINGLISH	llm_call_failed_default:rate-limit: HTTP 429 rate-limit (no Retry-After header in response)	Baat ki gehraiyon ko samjho …
san	10	HINGLISH	llm_call_failed_default:rate-limit: HTTP 429 rate-limit (no Retry-After header in response)	bay area heads !i'll be on the piano at yoshi's san fran this sunday playing with the one n only dwight trible - http/URL
sara	10	HINGLISH	llm_call_failed_default:rate-limit: HTTP 429 rate-limit (no Retry-After header in response)	salman sir sara din guzar gaya aap aa he nai :(
sawaal	10	HINGLISH	llm_call_failed_default:rate-limit: HTTP 429 rate-limit (no Retry-After header in response)	RT KejriTrolls : Modi ji , aapne kisi aur ko exam likhne bheja hoga . Syllabus se kuch sawaal mein poonchu toh ans de paaoge aap ? Bolo bolo ..
sri	10	HINGLISH	llm_call_failed_default:rate-limit: HTTP 429 rate-limit (no Retry-After header in response)	abpnewshindi SriSri dibang awsome jai sri Ram
taang	10	HINGLISH	llm_call_failed_default:rate-limit: HTTP 429 rate-limit (no Retry-After header in response)	Meri ek taang nakli hai main Hockey ka Bahut bada Khiladi tha, Ek Din meri kisi baat se Uday bhai ko gussa aaya.. Meri hi hockey stick se...
talaq	10	HINGLISH	llm_call_failed_default:rate-limit: HTTP 429 rate-limit (no Retry-After header in response)	Bhai TripleTalaq koi issue Hi NHi h ... Aur itna aasan NHi Hota talaq dena ya Lena ...
tatti	10	HINGLISH	llm_call_failed_default:rate-limit: HTTP 429 rate-limit (no Retry-After header in response)	agar tatti hui hi nahi usse pehle kyu dhona, ma'm ye wala zabardast logic istemaal kar rahi hai.
tujh	10	HINGLISH	llm_call_failed_default:rate-limit: HTTP 429 rate-limit (no Retry-After header in response)	LoKarDi_RT Theek hai, aaj se tujh par hit karna bandh
unsubtledesi	10	HINGLISH	no_context_default	
uth	10	HINGLISH	llm_call_failed_default:rate-limit: HTTP 429 rate-limit (no Retry-After header in response)	Lala_The_Don Bahut ho gaya drama Nitish jee..Ab aapka jhoot ka parda uth gaya hai NitishKaNakliVikas
vyomnaut	10	HINGLISH	no_context_default	
without	10	HINGLISH	llm_call_failed_default:rate-limit: HTTP 429 rate-limit (no Retry-After header in response)	Mishi091_ yeah IA .. aur bhut accha decision tha Lala ko 6 overs phelay bhejne ka .. without pressure khela hai tu maza bhi aya
zameen	10	HINGLISH	llm_call_failed_default:rate-limit: HTTP 429 rate-limit (no Retry-After header in response)	imcomplicated__ ye zameen ruk jaaye, aasman jhuk jaaye, tera chehra jab nazar aaye
aadhe	9	HINGLISH	llm_call_failed_default:rate-limit: HTTP 429 rate-limit (no Retry-After header in response)	aisa hee huaa thaa last match me . . kamar toot gayee aadhe sofe par latke hue lekin himmat thee ko koi hilaa ho . .
aahe	9	HINGLISH	llm_call_failed_default:rate-limit: HTTP 429 rate-limit (no Retry-After header in response)	viveks1107 tu shift zhaalays ka tithe? Mi sadhya Dilli la aahe
aashirwad	9	HINGLISH	llm_call_failed_default:rate-limit: HTTP 429 rate-limit (no Retry-After header in response)	Sir, mujhe aashirwad do main tumhare nek feminists raahon par chalna chahta hu, agenda uncha rahe hamara.
achchi	9	HINGLISH	llm_call_failed_default:rate-limit: HTTP 429 rate-limit (no Retry-After header in response)	Mall me saari ladkiyan achchi lagti hai GuyFacts
amitabh	9	HINGLISH	llm_call_failed_default:rate-limit: HTTP 429 rate-limit (no Retry-After header in response)	proud of aishwarya's french honour: big b: mumbai , nov 2 (ians) megastar amitabh bachchan says he is proud that . . . http/URL
apke	9	HINGLISH	llm_call_failed_default:rate-limit: HTTP 429 rate-limit (no Retry-After header in response)	Aur agar apke support karne ka tarika yahi hai to aap to JNU ko bhi support karte honge 0 JNU JNUSU
bachchan	9	HINGLISH	llm_call_failed_default:rate-limit: HTTP 429 rate-limit (no Retry-After header in response)	proud of aishwarya's french honour: big b: mumbai , nov 2 (ians) megastar amitabh bachchan says he is proud that . . . http/URL
bechara	9	HINGLISH	llm_call_failed_default:rate-limit: HTTP 429 rate-limit (no Retry-After header in response)	BolshoyBooze Shakti bechara kabhi kuch bolta nahi hai, he is like a husband eve n before marriage.
bewakoof	9	HINGLISH	llm_call_failed_default:rate-limit: HTTP 429 rate-limit (no Retry-After header in response)	dedh_battery pata hai, mujhe ashcharya hota hai investors par, kitne bewakoof hain, ya phir ye IITians bade shatir, like kejri lol
bhare	9	HINGLISH	llm_call_failed_default:rate-limit: HTTP 429 rate-limit (no Retry-After header in response)	sala olympics k game bhare rehte the isme . . . . dhokebaaz >_<
bhole	9	HINGLISH	llm_call_failed_default:rate-limit: HTTP 429 rate-limit (no Retry-After header in response)	HaramiParindey bhole ka prasad
bhook	9	HINGLISH	llm_call_failed_default:rate-limit: HTTP 429 rate-limit (no Retry-After header in response)	abhi tu bhook mat lagwa..
bhot	9	HINGLISH	llm_call_failed_default:rate-limit: HTTP 429 rate-limit (no Retry-After header in response)	narendramodi ji ab bhot hogya " ham aapki har baat maan rhe h aap bhi hamari ek baat manlo " ab bullet ki jagah bullet hi khilao 0 MannKiBaat
bigad	9	HINGLISH	llm_call_failed_default:rate-limit: HTTP 429 rate-limit (no Retry-After header in response)	barkhasbutt ashutosh83B Delhi aakar bigad gayi hai
celeb	9	HINGLISH	llm_call_failed_default:rate-limit: HTTP 429 rate-limit (no Retry-After header in response)	someUSER brilliant result ! ! i think the winnings may go on our phone bill after i'm a celeb or dancing on ice if the rumours are true :(
chalti	9	HINGLISH	llm_call_failed_default:rate-limit: HTTP 429 rate-limit (no Retry-After header in response)	yanha kaunsi train khali chalti hai .
choti	9	HINGLISH	llm_call_failed_default:rate-limit: HTTP 429 rate-limit (no Retry-After header in response)	ek choti seat aage bhi hoti thi . . . :p
chutiye	9	HINGLISH	llm_call_failed_default:rate-limit: HTTP 429 rate-limit (no Retry-After header in response)	gaali dena kam kar diya hai maine yahan, warna ek badi wali zaroor deta, mauka bhi hai aur dastoor bhi, chutiye bhare hai
congrats	9	HINGLISH	llm_call_failed_default:rate-limit: HTTP 429 rate-limit (no Retry-After header in response)	imVkohli sachin_rt kohli hai bhai kohli hai bura na mano holi hai . Virat bhai congrats for winning again against Pak . bharat mata ki jai
dala	9	HINGLISH	llm_call_failed_default:rate-limit: HTTP 429 rate-limit (no Retry-After header in response)	lol admin atention seeker h jante bujhte post dala ki coment mile >_<
dashhtweets	9	HINGLISH	llm_call_failed_default:rate-limit: HTTP 429 rate-limit (no Retry-After header in response)	dashhtweets 1-2 saal pehle maine hi bataya tha
doosri	9	HINGLISH	llm_call_failed_default:rate-limit: HTTP 429 rate-limit (no Retry-After header in response)	OdedraJagdish doosri bar dekh raha hu k
durr	9	HINGLISH	llm_call_failed_default:rate-limit: HTTP 429 rate-limit (no Retry-After header in response)	imcomplicated__ tum itne durr ho phir bhi dil ke paas ho.
dusro	9	HINGLISH	llm_call_failed_default:rate-limit: HTTP 429 rate-limit (no Retry-After header in response)	saynotocorruption timetochange say no to dummies jinke pass khud ka dimaag nahi dusro k kahne par chalte hai MakeInIndia
failedcmnitish	9	HINGLISH	no_context_default	
gf	9	HINGLISH	llm_call_failed_default:rate-limit: HTTP 429 rate-limit (no Retry-After header in response)	acha hua gf ne chhod diya . . . ab tera waqt kuch useful kaamo mein lagega . . . .
gurgaon	9	HINGLISH	llm_call_failed_default:rate-limit: HTTP 429 rate-limit (no Retry-After header in response)	MyLifeInSixWords Theke band hogaye hain, gurgaon chalo!
haalat	9	HINGLISH	llm_call_failed_default:rate-limit: HTTP 429 rate-limit (no Retry-After header in response)	Return gift me youtube ka link - Dekh tere sansaar ki haalat kya ho gayee bhagwaan.. Kitna badal gaya insaan
halat	9	HINGLISH	llm_call_failed_default:rate-limit: HTTP 429 rate-limit (no Retry-After header in response)	do salo se media ka pura dhyan j&k pe hi h..chahe ho JNU ka ya stone pelting ya hafij ya burhan mamla..fir v halat bad se badtar!
hara	9	HINGLISH	llm_call_failed_default:rate-limit: HTTP 429 rate-limit (no Retry-After header in response)	3 stages of life of Sagarika Ghose: 1) Janam 2) Humpe ye kisne hara rang daala.. Khushi ne hamari.. Hume.. Maar dala.. 3) Maut
horaha	9	HINGLISH	llm_call_failed_default:rate-limit: HTTP 429 rate-limit (no Retry-After header in response)	Ye horaha hai desh mein, saala hum mard hi kyu bardaasht kare sab? Feminists saheliyan kahan hai? …
hy	9	HINGLISH	llm_call_failed_default:rate-limit: HTTP 429 rate-limit (no Retry-After header in response)	ImranKhanPTI trump Ki bat kar raha hy or yah minister ho kr JIT ka rona ro raha hy
intezar	9	HINGLISH	llm_call_failed_default:rate-limit: HTTP 429 rate-limit (no Retry-After header in response)	zindagi bhar intezar bhaiiiii.....is duniya mein sirf aap ke liye
ismein	9	HINGLISH	llm_call_failed_default:rate-limit: HTTP 429 rate-limit (no Retry-After header in response)	nainkatary ismein hasna kyu hai?
jaag	9	HINGLISH	llm_call_failed_default:rate-limit: HTTP 429 rate-limit (no Retry-After header in response)	Desh ka yuva jaag chuka hai, yuvika ka kya?
jaanch	9	HINGLISH	llm_call_failed_default:rate-limit: HTTP 429 rate-limit (no Retry-After header in response)	Kejriwal : hum us runout ki CBI jaanch karwaengey ! IndvsPak BleedBlue
jaanta	9	HINGLISH	llm_call_failed_default:rate-limit: HTTP 429 rate-limit (no Retry-After header in response)	Alllahdin tujhe USB cable pata hai! Main sab jaanta hu, Janata ko andhere mein naa rakho
jaenge	9	HINGLISH	llm_call_failed_default:rate-limit: HTTP 429 rate-limit (no Retry-After header in response)	ek_samosa_dena 9 Nov ke baad thande pad jaenge sab. BiharKaJaichandShatrughan
jald	9	HINGLISH	llm_call_failed_default:rate-limit: HTTP 429 rate-limit (no Retry-After header in response)	i jush hope k wo insaan jald se jald pkra jaye jisne yeh fake pic bnaya ....
jawaab	9	HINGLISH	llm_call_failed_default:rate-limit: HTTP 429 rate-limit (no Retry-After header in response)	LoKarloUnfollow karara jawaab milega.. karara jawaab milega..
jdu	9	HINGLISH	no_context_default	
joydas	9	HINGLISH	no_context_default	
kaala	9	HINGLISH	llm_call_failed_default:rate-limit: HTTP 429 rate-limit (no Retry-After header in response)	Kya aapka bhi kaala hai? Dhan?
kahaanify	9	HINGLISH	no_context_default	
kahenge	9	HINGLISH	llm_call_failed_default:rate-limit: HTTP 429 rate-limit (no Retry-After header in response)	Kya Modi ji Bloodshot issue par kuch kahenge ?? ~ Liberals
karunga	9	HINGLISH	llm_call_failed_default:rate-limit: HTTP 429 rate-limit (no Retry-After header in response)	The day Modi was banned to enter "US Bhaiyon aur "Behno kasam khata hu World tour karunga aur "US 10 baar jaunga GSTForNewIndia GST
kehti	9	HINGLISH	llm_call_failed_default:rate-limit: HTTP 429 rate-limit (no Retry-After header in response)	"Mitron, madam kehti hai ye achhi baat nahi hai" - Narendra Manmohan Vajpayee PMMashUp
khatm	9	HINGLISH	llm_call_failed_default:rate-limit: HTTP 429 rate-limit (no Retry-After header in response)	contra mein double player khelte waqt jab kisi ki chaal khatm ho jati thi toh c ka button dabakr saath wale ki chaal utarne ka maza hi kuchh aur hua karta tha . . . .
khela	9	HINGLISH	llm_call_failed_default:rate-limit: HTTP 429 rate-limit (no Retry-After header in response)	Mishi091_ yeah IA .. aur bhut accha decision tha Lala ko 6 overs phelay bhejne ka .. without pressure khela hai tu maza bhi aya
khelte	9	HINGLISH	llm_call_failed_default:rate-limit: HTTP 429 rate-limit (no Retry-After header in response)	contra mein double player khelte waqt jab kisi ki chaal khatm ho jati thi toh c ka button dabakr saath wale ki chaal utarne ka maza hi kuchh aur hua karta tha . . . .
knicks	9	HINGLISH	llm_call_failed_default:rate-limit: HTTP 429 rate-limit (no Retry-After header in response)	i want tickets to the thursday game heat vs knicks (game 3) hmm . . .
kripa	9	HINGLISH	llm_call_failed_default:rate-limit: HTTP 429 rate-limit (no Retry-After header in response)	bhak_sala IndianExpress bas aise hi kripa bani rahe
kshisodia	9	HINGLISH	no_context_default	
kyonki	9	HINGLISH	llm_call_failed_default:rate-limit: HTTP 429 rate-limit (no Retry-After header in response)	Yunki party k liye to hum ready hain par kya karen nahi aa sakte kyonki invitation sirf bhaiyo aur behno k liye hai.........
ladai	9	HINGLISH	llm_call_failed_default:rate-limit: HTTP 429 rate-limit (no Retry-After header in response)	Jo ladai me saath tha.. Ab se RT bhi usi ko milegi JanhitMeJaari
laddu	9	HINGLISH	llm_call_failed_default:rate-limit: HTTP 429 rate-limit (no Retry-After header in response)	gantantra divas ke laddu wah bhai kya baat kya baat kya baat . . .
lagata	9	HINGLISH	llm_call_failed_default:rate-limit: HTTP 429 rate-limit (no Retry-After header in response)	Aree ArvindKejriwal ka kaam nei hai , Khali aarop lagata hai ! CAGExposedGadkari :P
lagte	9	HINGLISH	llm_call_failed_default:rate-limit: HTTP 429 rate-limit (no Retry-After header in response)	Sir dont lie.. 8th Nov ke pehle bhi SBI me withdrawal ke 20 minute lagte the …
lamba	9	HINGLISH	llm_call_failed_default:rate-limit: HTTP 429 rate-limit (no Retry-After header in response)	journojuno zye oonth pahaad se bhi lamba hai LOL!
landacquisitionbill	9	HINGLISH	no_context_default	
luv	9	HINGLISH	llm_call_failed_default:rate-limit: HTTP 429 rate-limit (no Retry-After header in response)	aj apne hum sbko bht hurt kiye salman...apse ye umid nhi thi hum sb ko :-(...bt m also luv u salman...:)
maarne	9	HINGLISH	llm_call_failed_default:rate-limit: HTTP 429 rate-limit (no Retry-After header in response)	MahaShivratri pe doodh waste na karne wale , plz bataye ki cake pe candle laga ke phoonk maarne mein kya Logic hai ??? :-D #
maarte	9	HINGLISH	llm_call_failed_default:rate-limit: HTTP 429 rate-limit (no Retry-After header in response)	KyaUkhaadLega bhigo ke maarte ho har baat pe
maggi	9	HINGLISH	llm_call_failed_default:rate-limit: HTTP 429 rate-limit (no Retry-After header in response)	tinabasetia maggi bhi ban gayee Being_Humor
marte	9	HINGLISH	llm_call_failed_default:rate-limit: HTTP 429 rate-limit (no Retry-After header in response)	Ab karo surgicalstrike & do the show - off .. Modi Modi karne se kuchh nahi hoga " jawan marte rahenge & ye bhaio behno karte rahenge
naha	9	HINGLISH	llm_call_failed_default:rate-limit: HTTP 429 rate-limit (no Retry-After header in response)	KajuBadamChor tu ja naha kar aa TheVacuumHead ShraddhaKapoor
naukri	9	HINGLISH	llm_call_failed_default:rate-limit: HTTP 429 rate-limit (no Retry-After header in response)	Doston , bhaiayon or bahno meri sarkar aayegi to 1year ma 3cr berojgaron KO naukri dunga ... he he # _
nikle	9	HINGLISH	llm_call_failed_default:rate-limit: HTTP 429 rate-limit (no Retry-After header in response)	retardedwriter akhil_bits ek dam. sar par kaffan baandh kar nikle hai
padhne	9	HINGLISH	llm_call_failed_default:rate-limit: HTTP 429 rate-limit (no Retry-After header in response)	Ye sab padhne se pehle meri aankhein kyun nahi phoot gayi …
pandya	9	HINGLISH	llm_call_failed_default:rate-limit: HTTP 429 rate-limit (no Retry-After header in response)	Ye Dhoni to pandya ko leke emotional ho raha hai !!
peeta	9	HINGLISH	llm_call_failed_default:rate-limit: HTTP 429 rate-limit (no Retry-After header in response)	vakeel_saheba saraab nahi peeta main raviwar ko
piya	9	HINGLISH	llm_call_failed_default:rate-limit: HTTP 429 rate-limit (no Retry-After header in response)	ek_samosa_dena kaam par daaru mat piya kar!
pucha	9	HINGLISH	llm_call_failed_default:rate-limit: HTTP 429 rate-limit (no Retry-After header in response)	cheapest nahi pucha. Best pucha hai.
rahane	9	HINGLISH	llm_call_failed_default:rate-limit: HTTP 429 rate-limit (no Retry-After header in response)	sa bowlers were talking to dhavan kohli and rahane in between overs . . . " bhai , bas hamare kapde hare he , ham sacchhi me pakistani nahi he . . god promise . . "
rone	9	HINGLISH	llm_call_failed_default:rate-limit: HTTP 429 rate-limit (no Retry-After header in response)	The_Sleigher Mujhe darr hai RT spree de diya to Sir emotional ho kar rone na lag jaye
salu	9	HINGLISH	llm_call_failed_default:rate-limit: HTTP 429 rate-limit (no Retry-After header in response)	Dongiri tb hogi jb salu bhai(Salman) nd GuRu bhai(Hemant) dono sath me honge..
satya	9	HINGLISH	llm_call_failed_default:rate-limit: HTTP 429 rate-limit (no Retry-After header in response)	.retardedwriter satya vachhan
sharab	9	HINGLISH	llm_call_failed_default:rate-limit: HTTP 429 rate-limit (no Retry-After header in response)	DuttYogi TheRahulMehra ZeeNewsSports Salman ne kai baar kanoon toda hai , sharab peekar logo ki hatya ki hai , SalmanForRio ??
sharanyashettyy	9	HINGLISH	no_context_default	
shoaib	9	HINGLISH	no_context_default	
sim	9	HINGLISH	llm_call_failed_default:rate-limit: HTTP 429 rate-limit (no Retry-After header in response)	PA - Jio sim ki ad Modi ne kari Tim Cook - Hum iPhone7 ke liye Obama ko sign karte hai PA - bad idea, Obama se achcha hai Kejriwal ko karo
sudhar	9	HINGLISH	llm_call_failed_default:rate-limit: HTTP 429 rate-limit (no Retry-After header in response)	NDTVRavishKumar TripleTalaq band hone se kya desh ki economy sudhar jayegi DalitAtrocity khatm hogi Vikas ki raftaar badegi
sunte	9	HINGLISH	llm_call_failed_default:rate-limit: HTTP 429 rate-limit (no Retry-After header in response)	Waise to ArvindKejriwal Sirf Sonia/Sisodia/Sanjay Ki hi sunte h par is bar chetan_bhagat Ki sun li aur AugustaWestland p muh kholdiya wah
supw	9	HINGLISH	llm_call_failed_default:rate-limit: HTTP 429 rate-limit (no Retry-After header in response)	mere primary school ke supw projects mere papa he banate the par mere h . s . school ke supw teacher toh mere papa he the , . . . yaad aa gaye woh din :d
swagat	9	HINGLISH	llm_call_failed_default:rate-limit: HTTP 429 rate-limit (no Retry-After header in response)	Finally bank ki line se free ho kar apne Mahesh babu Fussy_Ca wapas aa gaye hai Itna swagat kare
tareef	9	HINGLISH	llm_call_failed_default:rate-limit: HTTP 429 rate-limit (no Retry-After header in response)	Tum log isi desh me baith kar isi desh ki buraiya peet sakte ho, koi bahar jaake india ki tareef nahi kar sakta? cocaine band kardo …
thak	9	HINGLISH	llm_call_failed_default:rate-limit: HTTP 429 rate-limit (no Retry-After header in response)	Journo: Laluji, aapne 11 bacche kyon paida kiye? Lalu: Kyonki uske baad hum thak gaye thay.
thedillimirror	9	HINGLISH	no_context_default	
udhar	9	HINGLISH	llm_call_failed_default:rate-limit: HTTP 429 rate-limit (no Retry-After header in response)	Lambar_Daar haha bhai subah se idhar udhar ho raha hu MAKKARROMA
until	9	HINGLISH	llm_call_failed_default:rate-limit: HTTP 429 rate-limit (no Retry-After header in response)	i'm not gon believe that victor cruz is the real deal until he lines up outside , no slot , and doesn't disappear like he did sunday
usme	9	HINGLISH	llm_call_failed_default:rate-limit: HTTP 429 rate-limit (no Retry-After header in response)	.SRKswarrior1 bas bata raha hu intolerance kya hota hai.. Yaha kama kha rahe hai aaraam se usme bhi chain nahi.. Baki tu samajdaar hai
vadra	9	HINGLISH	llm_call_failed_default:rate-limit: HTTP 429 rate-limit (no Retry-After header in response)	ab mai wait kar raha hu ki wo chota sa farmer ( vadra ) kab sucide karega :/
yuvraj	9	HINGLISH	llm_call_failed_default:rate-limit: HTTP 429 rate-limit (no Retry-After header in response)	Aur yuvraj ki SurgicalStrike se Pakistan ke 2 player ghayal .
zarurat	9	HINGLISH	llm_call_failed_default:rate-limit: HTTP 429 rate-limit (no Retry-After header in response)	mast hai.. aap bhi dekha karo.. daru ki zarurat nahi padti phir
aadhi	8	HINGLISH	llm_call_failed_default:rate-limit: HTTP 429 rate-limit (no Retry-After header in response)	nainkatary tumhari aadhi shakal ne aise philosopher bana diya hai, achha hai poori shakal nahi dekhi ab tak.
abey	8	HINGLISH	llm_call_failed_default:rate-limit: HTTP 429 rate-limit (no Retry-After header in response)	abey guddu ka religion kyu change kar diya ? ? ? jesus k jageh god likhna tha !
akela	8	HINGLISH	llm_call_failed_default:rate-limit: HTTP 429 rate-limit (no Retry-After header in response)	Pyar dilon ka mela hai, mele mein ye akela hai AaiChaGhoEmo
anupampkher	8	HINGLISH	no_context_default	
ata	8	HINGLISH	llm_call_failed_default:rate-limit: HTTP 429 rate-limit (no Retry-After header in response)	kya gussa ata tha dukan wale par . maine to dukan sae 64 in 1 layi aur cartridge adal badal ka apna badla pura kiya tha . . . . :p
azaadi	8	HINGLISH	llm_call_failed_default:rate-limit: HTTP 429 rate-limit (no Retry-After header in response)	GhantaGuy is rishtewaad se azaadi
baarish	8	HINGLISH	llm_call_failed_default:rate-limit: HTTP 429 rate-limit (no Retry-After header in response)	.sagarikaghose ab baarish bhi Modi jo karwaenge ?? Kyu paglu aurat
bachi	8	HINGLISH	llm_call_failed_default:rate-limit: HTTP 429 rate-limit (no Retry-After header in response)	main to bachi hui chalk bhi chhupa deta tha . jisse ki bar bar lene jaana pade .
badha	8	HINGLISH	llm_call_failed_default:rate-limit: HTTP 429 rate-limit (no Retry-After header in response)	arunjaitley service tax badha diya sir ?? Chalo jaise aap chaho !!!
badnaam	8	HINGLISH	llm_call_failed_default:rate-limit: HTTP 429 rate-limit (no Retry-After header in response)	Dishasatra badnaam naa karo!
banate	8	HINGLISH	llm_call_failed_default:rate-limit: HTTP 429 rate-limit (no Retry-After header in response)	"Kya kaha.. Tum achche din bhi banate ho.. 2 lakh ka order le lo.. par unpe Made In India likhna.."
bataya	8	HINGLISH	llm_call_failed_default:rate-limit: HTTP 429 rate-limit (no Retry-After header in response)	dashhtweets 1-2 saal pehle maine hi bataya tha
bedi	8	HINGLISH	llm_call_failed_default:rate-limit: HTTP 429 rate-limit (no Retry-After header in response)	rashtrawad led by kiran bedi ki jeet hogi !
bekar	8	HINGLISH	llm_call_failed_default:rate-limit: HTTP 429 rate-limit (no Retry-After header in response)	kaun bole parents ko nahi hai interest unke bete mein :d :d toh bekar mein kyun dekho usse
bf	8	HINGLISH	llm_call_failed_default:rate-limit: HTTP 429 rate-limit (no Retry-After header in response)	Brlnt Ans By bf on Brk Up . Girl
bhaag	8	HINGLISH	llm_call_failed_default:rate-limit: HTTP 429 rate-limit (no Retry-After header in response)	.2witsofwisdom Main to ready hoon ji, yeh log bhaag rahe hain sardesairajdeep VishalDadlani
bhag	8	HINGLISH	llm_call_failed_default:rate-limit: HTTP 429 rate-limit (no Retry-After header in response)	kya pagalpanti hai . . . ghar se bhag jana kisi problem ka solution nahi hai . . . be brave yaar . . . aur sach bata de sabi ko .
bhikari	8	HINGLISH	llm_call_failed_default:rate-limit: HTTP 429 rate-limit (no Retry-After header in response)	Ye naya bhikari kaun hai KaminaPun ? Attention lene aa gaya witchybitchygal drmalvika6
bitcoin	8	HINGLISH	no_context_default	
bna	8	HINGLISH	llm_call_failed_default:rate-limit: HTTP 429 rate-limit (no Retry-After header in response)	Tu apni state mein "rape violence rok. Haryana ki durdasha kar di hai. Film bada issue nhi hai murkh. Bada Deshbhakti ka tekhedar bna hai.
buri	8	HINGLISH	llm_call_failed_default:rate-limit: HTTP 429 rate-limit (no Retry-After header in response)	Pitch hai kisi aashiq ka dil, bahut buri tarah se toota hai. INDvsAUS
burnol	8	HINGLISH	llm_call_failed_default:rate-limit: HTTP 429 rate-limit (no Retry-After header in response)	:D' lagane se jalan kam nahi hoti. Use burnol …
catwomaniya	8	HINGLISH	no_context_default	
cheen	8	HINGLISH	llm_call_failed_default:rate-limit: HTTP 429 rate-limit (no Retry-After header in response)	supaarwoman Chhod na.. Itni si baat ke liye kisi ki naukari mat cheen ishaan21
chhe	8	HINGLISH	llm_call_failed_default:rate-limit: HTTP 429 rate-limit (no Retry-After header in response)	Lagharvaghar ahya kale pate chhe navratri
chipka	8	HINGLISH	llm_call_failed_default:rate-limit: HTTP 429 rate-limit (no Retry-After header in response)	jab tak dhoni hai atleast main to chipka rahunga ..:)
chote	8	HINGLISH	llm_call_failed_default:rate-limit: HTTP 429 rate-limit (no Retry-After header in response)	aur to aur chalk k chote chote tukde bhi zma kerte they . . . ya dusre section k black board k neeche pade tukde bhi la k dete they kabhi :p
darshan	8	HINGLISH	llm_call_failed_default:rate-limit: HTTP 429 rate-limit (no Retry-After header in response)	tweeting_pal wow.. Dulabh jagaho par hi bade bade devi devatao ke darshan hote hai.. Hum to dhanya ho gaye aapka mention paa kar
deepika	8	HINGLISH	llm_call_failed_default:rate-limit: HTTP 429 rate-limit (no Retry-After header in response)	Ranveer's Mom: "Iss kamre ka parda kidhar gaya..???" Ranveer's brother: " Mummy bhaiya deepika aunty ke saath date par gaye hai.."
dev	8	HINGLISH	llm_call_failed_default:rate-limit: HTTP 429 rate-limit (no Retry-After header in response)	har har maha dev . . dil ke sachche log hai . . is gau wale . . . j'ai ho
dhokha	8	HINGLISH	llm_call_failed_default:rate-limit: HTTP 429 rate-limit (no Retry-After header in response)	Shahrcasm LOL.. Maine aajtak dhokha nahi diya,, bas khaya hai
dukh	8	HINGLISH	llm_call_failed_default:rate-limit: HTTP 429 rate-limit (no Retry-After header in response)	kitne dukh ki baat hai na :(
duper	8	HINGLISH	llm_call_failed_default:rate-limit: HTTP 429 rate-limit (no Retry-After header in response)	super duper like . yehi hota hai sab jagah :)
dur	8	HINGLISH	llm_call_failed_default:rate-limit: HTTP 429 rate-limit (no Retry-After header in response)	Match toh dur ki baat hai pakistan nai abhi tak toss bhi nhi jita toh match kya khak jitenge ... 😎😎😎😎proud to be indian WorldCup2015
during	8	HINGLISH	llm_call_failed_default:rate-limit: HTTP 429 rate-limit (no Retry-After header in response)	i still remember . . . during sharjah matches . . . . the scene was use to be the same :) sachin jab tak khel ra hai hilnaa mat
faadutweets	8	HINGLISH	no_context_default	
fuljhadii	8	HINGLISH	no_context_default	
garmi	8	HINGLISH	llm_call_failed_default:rate-limit: HTTP 429 rate-limit (no Retry-After header in response)	Ice cream khaungi, kashmir jaungi, garmi se phatti padi hai piya. haah haah.
ghamand	8	HINGLISH	llm_call_failed_default:rate-limit: HTTP 429 rate-limit (no Retry-After header in response)	bas kabhi ghamand nahi kiya.
gir	8	HINGLISH	llm_call_failed_default:rate-limit: HTTP 429 rate-limit (no Retry-After header in response)	Never take a moral high ground. Wahan railing nahi hai aur kabhi bhi gir sakte hain.
haddhaiyaar	8	HINGLISH	no_context_default	
hafte	8	HINGLISH	llm_call_failed_default:rate-limit: HTTP 429 rate-limit (no Retry-After header in response)	sagarcasm main hafte bhar se huu, magar selfies chhod kar kya upload karu kuch nahi samajh raha :D
haq	8	HINGLISH	llm_call_failed_default:rate-limit: HTTP 429 rate-limit (no Retry-After header in response)	Ra_Bies sayshardik Daaru peena mera janam siddh adhikar hai aur ye haq mujhse koi nahi chheen sakta :-D
hinnaz	8	HINGLISH	llm_call_failed_default:rate-limit: HTTP 429 rate-limit (no Retry-After header in response)	hinnaz chittiya kalaiya ve
iamkits	8	HINGLISH	llm_call_failed_default:rate-limit: HTTP 429 rate-limit (no Retry-After header in response)	iamkits haan Bhai aur hot bhi :-D
iamsonisinghal	8	HINGLISH	llm_call_failed_default:rate-limit: HTTP 429 rate-limit (no Retry-After header in response)	iamsonisinghal dhaniye ki chatni me namak kam reh gaya
iitb	8	HINGLISH	llm_call_failed_default:rate-limit: HTTP 429 rate-limit (no Retry-After header in response)	309 : i graduated from iitb a couple of years ago and went to the us . i have still never dated a desi gal . no regrets , it's too much effort for virtually no return .
ind	8	HINGLISH	llm_call_failed_default:rate-limit: HTTP 429 rate-limit (no Retry-After header in response)	Aisa surgicalstrike kiya ki pak ne napak irado se ind k 2 laadle bete ka sir kaat diya " sirf vote k liye # 56 inch ka sina kahna galat hai
indvsl	8	HINGLISH	no_context_default	
insan	8	HINGLISH	llm_call_failed_default:rate-limit: HTTP 429 rate-limit (no Retry-After header in response)	.ArvindKejriwal sir hug Kalmadi, hug Raja, hug Pawar and tell these Sanghis that insan corrupt nahi hota waqt corrupt hot hai.
jaage	8	HINGLISH	llm_call_failed_default:rate-limit: HTTP 429 rate-limit (no Retry-After header in response)	Kaahe jaage ho be?
jaha	8	HINGLISH	llm_call_failed_default:rate-limit: HTTP 429 rate-limit (no Retry-After header in response)	twinitisha aur aap jaha hoti hai.. Log crazy ho jate hai
jaiye	8	HINGLISH	llm_call_failed_default:rate-limit: HTTP 429 rate-limit (no Retry-After header in response)	Indore's Tai Sumitra Mahajan is LS Speaker. Ab 'Baith jaiye Baith jaiye' ki jagah 'Poha khaiye Poha Khaiye' !! विश्व_पोहा_दिवस
jama	8	HINGLISH	llm_call_failed_default:rate-limit: HTTP 429 rate-limit (no Retry-After header in response)	First, Kejriwal ne dharna de kar rayte ka samaan jama kiya Second, Sarkaar bana kar, Rayta banaya Third, Kumar Vishwas ne RaitaFailaDiya
jaunga	8	HINGLISH	llm_call_failed_default:rate-limit: HTTP 429 rate-limit (no Retry-After header in response)	gappistanradio Meanwhile Faridabadi , ah ! Daily ka routine h , aaj jogging karte hue jaunga .
jeena	8	HINGLISH	llm_call_failed_default:rate-limit: HTTP 429 rate-limit (no Retry-After header in response)	Islam mein jeena bhi haraam hai.... doosre kaum ka.
jeene	8	HINGLISH	llm_call_failed_default:rate-limit: HTTP 429 rate-limit (no Retry-After header in response)	Hamein aur jeene ki khwahish na hoti, agar rum na hote...
jeete	8	HINGLISH	llm_call_failed_default:rate-limit: HTTP 429 rate-limit (no Retry-After header in response)	jalanpurvi StarMoviesIndia i wish ke aap aur main ye contest jeete
jeetne	8	HINGLISH	llm_call_failed_default:rate-limit: HTTP 429 rate-limit (no Retry-After header in response)	Ek match to jeetne do firangiyon ko. Insaniyat naam ki cheez nahi hai tum logon ke paas? INDvENG
jha	8	HINGLISH	llm_call_failed_default:rate-limit: HTTP 429 rate-limit (no Retry-After header in response)	Atheist_Krishna hahaa.. mein asli sanjay jha samaj ke gaali dene wala tha
jisko	8	HINGLISH	llm_call_failed_default:rate-limit: HTTP 429 rate-limit (no Retry-After header in response)	Ye bhi accha hi jisko protection dena that use hi arrest kar liye
joote	8	HINGLISH	llm_call_failed_default:rate-limit: HTTP 429 rate-limit (no Retry-After header in response)	.BhuvanRajora jo joote polish karne diye the won kab lautayega? Being_Humor
kahe	8	HINGLISH	llm_call_failed_default:rate-limit: HTTP 429 rate-limit (no Retry-After header in response)	Hum khud sure nahi hai "toh Kautilya ke baarein main kya kahe GST IndiaToday TheHinduExplains
kaho	8	HINGLISH	llm_call_failed_default:rate-limit: HTTP 429 rate-limit (no Retry-After header in response)	inhe kaho hindi hi theek hai . . aise to guddu ki english aur bigad jayegi :d
kahte	8	HINGLISH	llm_call_failed_default:rate-limit: HTTP 429 rate-limit (no Retry-After header in response)	kuch garam ya thanda khane se agar daanton me tez jhanjhanahat ho , to use sensitivity kahte hain . . . .
karde	8	HINGLISH	llm_call_failed_default:rate-limit: HTTP 429 rate-limit (no Retry-After header in response)	Madan_Chikna maine to pahile hi bola tha ... ab to retweet karde bhai ... tabhi logo ko pata chalega .. tere jaise follower kaha hame ..
karegi	8	HINGLISH	llm_call_failed_default:rate-limit: HTTP 429 rate-limit (no Retry-After header in response)	ashutosh83B pyaar bech ke faayda kamate ho.. Dilli ki janta kabhi maaf nahi karegi
katrina	8	HINGLISH	llm_call_failed_default:rate-limit: HTTP 429 rate-limit (no Retry-After header in response)	prek_rk sankalparkapoor ok but famous toh main aur katrina hi zyada honge
kaunse	8	HINGLISH	llm_call_failed_default:rate-limit: HTTP 429 rate-limit (no Retry-After header in response)	haha darr lagta hai aajkal kuch bhi type karne se pehle, kaunse kone se outrage aayegi pata nahi. Banaate hai plan!
kavitabika	8	HINGLISH	llm_call_failed_default:rate-limit: HTTP 429 rate-limit (no Retry-After header in response)	kavitabika Aus ke kya layee mere liye
kehne	8	HINGLISH	llm_call_failed_default:rate-limit: HTTP 429 rate-limit (no Retry-After header in response)	oomph_wali Modi ji ko gay kehne wali yaha gyaan de rahi hai TrulyMonica hemalitanna
khila	8	HINGLISH	llm_call_failed_default:rate-limit: HTTP 429 rate-limit (no Retry-After header in response)	Hi, I am a writer. Hafte bhar se ghar par paani nahi aaya hai, aur dadaji ka jhola lekar ghum raha hu, koi vada paav khila do.
khul	8	HINGLISH	llm_call_failed_default:rate-limit: HTTP 429 rate-limit (no Retry-After header in response)	plz search google name of mukhtar abbas naqwi wife and his father in law name , sahnawaz husain wife also aankh khul jayegi . . .
khulla	8	HINGLISH	llm_call_failed_default:rate-limit: HTTP 429 rate-limit (no Retry-After header in response)	Vyomnaut Kejriwal ne Ashutosh ko bhi khulla chhod rakha hai.. Khatarnaak.. bohot hi zyada khatarnaak
kiran	8	HINGLISH	llm_call_failed_default:rate-limit: HTTP 429 rate-limit (no Retry-After header in response)	rashtrawad led by kiran bedi ki jeet hogi !
laal	8	HINGLISH	llm_call_failed_default:rate-limit: HTTP 429 rate-limit (no Retry-After header in response)	.TheRahulMahajan aankh laal ho rahi hai.. Conjunctivitis hoga
laddoo	8	HINGLISH	llm_call_failed_default:rate-limit: HTTP 429 rate-limit (no Retry-After header in response)	YearOfRat shaadi ka laddoo sir.. Jo khaye wo bhi pachtaaye aur jo na khaye wo bhi
ladkon	8	HINGLISH	llm_call_failed_default:rate-limit: HTTP 429 rate-limit (no Retry-After header in response)	Chalo koi na hota hai, ladkon ko aise aage ruka kar mat rakhna. Ok?
lagana	8	HINGLISH	llm_call_failed_default:rate-limit: HTTP 429 rate-limit (no Retry-After header in response)	you wish to become Adele? Yaar bahot rotdu hai yahan tumko bhi number lagana hai?
lagane	8	HINGLISH	llm_call_failed_default:rate-limit: HTTP 429 rate-limit (no Retry-After header in response)	:D' lagane se jalan kam nahi hoti. Use burnol …
launda	8	HINGLISH	llm_call_failed_default:rate-limit: HTTP 429 rate-limit (no Retry-After header in response)	sir . . chehre pr mat jaiye . . bahut nautanki baaj hai yeh launda . . :p
launde	8	HINGLISH	llm_call_failed_default:rate-limit: HTTP 429 rate-limit (no Retry-After header in response)	bizzarebhide launde pasand aate hai aajkal ?
leni	8	HINGLISH	llm_call_failed_default:rate-limit: HTTP 429 rate-limit (no Retry-After header in response)	retardedwriter MeetUunngLee haa isne kar leni chahiye
lga	8	HINGLISH	llm_call_failed_default:rate-limit: HTTP 429 rate-limit (no Retry-After header in response)	mujhe to lga tha papa ki band bjne wali h , bt yha to chkr hi ulta pd gya . . ;) :p
likhe	8	HINGLISH	llm_call_failed_default:rate-limit: HTTP 429 rate-limit (no Retry-After header in response)	.sagarikaghose koi kuch bhi likhe use sach maan le
lunga	8	HINGLISH	llm_call_failed_default:rate-limit: HTTP 429 rate-limit (no Retry-After header in response)	jayantgajria hahaa.. Thanks bhai.. Zarurat padi to bula lunga
masala	8	HINGLISH	llm_call_failed_default:rate-limit: HTTP 429 rate-limit (no Retry-After header in response)	SwaggerBanno varieties hote hai kya pyar mein? Tumhara sada wala hai toh mujhe masala wala chahiye :-P
maukamauka	8	HINGLISH	no_context_default	
misbah	8	HINGLISH	llm_call_failed_default:rate-limit: HTTP 429 rate-limit (no Retry-After header in response)	Dhoni misbah bhai kuch sikh Captain saahab se 0
mitch	8	HINGLISH	llm_call_failed_default:rate-limit: HTTP 429 rate-limit (no Retry-After header in response)	land conservation announcement monday: gov . mitch daniels and lt . gov . becky skillman will make a lan . . . http/URL nashville
naahi	8	HINGLISH	llm_call_failed_default:rate-limit: HTTP 429 rate-limit (no Retry-After header in response)	IScreamPunday SritikaDhar naahi
namak	8	HINGLISH	llm_call_failed_default:rate-limit: HTTP 429 rate-limit (no Retry-After header in response)	iamsonisinghal dhaniye ki chatni me namak kam reh gaya
nasha	8	HINGLISH	llm_call_failed_default:rate-limit: HTTP 429 rate-limit (no Retry-After header in response)	Modi channelising Inner Sonia Gandhi PowerIsPoison RT htTweets PM Modi: Satta mein ek nasha hain, bhagwan humain iss nashe se bachaye.
nikaal	8	HINGLISH	llm_call_failed_default:rate-limit: HTTP 429 rate-limit (no Retry-After header in response)	azaadi bhot milgyi ab guddu shaadi kerle . acting ka kida nikaal apne dil se aur bahar fek de . :/
padte	8	HINGLISH	llm_call_failed_default:rate-limit: HTTP 429 rate-limit (no Retry-After header in response)	UddhhamSingh arre yaar aajkal bade bouncer padte hain yaha
padti	8	HINGLISH	llm_call_failed_default:rate-limit: HTTP 429 rate-limit (no Retry-After header in response)	mast hai.. aap bhi dekha karo.. daru ki zarurat nahi padti phir
pandey	8	HINGLISH	llm_call_failed_default:rate-limit: HTTP 429 rate-limit (no Retry-After header in response)	Dhoni be like Sri Lanka ke liye to manish pandey bhi kaafi tha mujhe kyu bulaya INDvSL RohitSharma PVSindhu dhoni sleep cricket
pareshaan	8	HINGLISH	llm_call_failed_default:rate-limit: HTTP 429 rate-limit (no Retry-After header in response)	LiesMenTell Woh pareshaan karte rahe, hum kaam karte rahe - Kejru
patthar	8	HINGLISH	llm_call_failed_default:rate-limit: HTTP 429 rate-limit (no Retry-After header in response)	*At Zoo* American Kid - Dad, look at that Snake! Indian - Abey Dilip.. Woh dekh kitna bada saap. Jiska patthar 3 baar laga, Karishma uski.
paybackindia	8	HINGLISH	no_context_default	
pehen	8	HINGLISH	llm_call_failed_default:rate-limit: HTTP 429 rate-limit (no Retry-After header in response)	best part is . . . kaise hum ooni dastane pehen k keeping kiya karte the . . aur apne aap ko nayan mongia se kam nahi samajhte the :p
pehna	8	HINGLISH	llm_call_failed_default:rate-limit: HTTP 429 rate-limit (no Retry-After header in response)	pehna rahunga tab nahi karna bhai, baaki theek.
phenk	8	HINGLISH	llm_call_failed_default:rate-limit: HTTP 429 rate-limit (no Retry-After header in response)	LOL, phenk deta to bechare ka phir kat jaata bill, isiliye lauta diya chup chaap. EkBhaiKeLiye
phle	8	HINGLISH	llm_call_failed_default:rate-limit: HTTP 429 rate-limit (no Retry-After header in response)	mene phle bhi bola tha . . . ye guddu bigadtaa ja raha hai . . . samjhao koi ese . . ! ! !
plzz	8	HINGLISH	llm_call_failed_default:rate-limit: HTTP 429 rate-limit (no Retry-After header in response)	plzz slaman jrur aana onlin or plzz jrur baat krna apne fans se plzzz..plzzzz...
pooja	8	HINGLISH	llm_call_failed_default:rate-limit: HTTP 429 rate-limit (no Retry-After header in response)	PAYBACKIndiaKali Mata ki pooja karna par shaadi sirf gori ladki se karne ka PointKyaHai
pradesh	8	HINGLISH	llm_call_failed_default:rate-limit: HTTP 429 rate-limit (no Retry-After header in response)	NeetuGarg6 ArjunIrplast RitaG74 YouTube crores Logon mein ye chand saans lete haanfnewale netaon ne poore pradesh ki saanse kaise rok di
prem	8	HINGLISH	llm_call_failed_default:rate-limit: HTTP 429 rate-limit (no Retry-After header in response)	premlata_rai ye saare log bigaad rahe hai ladkiyon ki image prem tu kuch kar
rahegi	8	HINGLISH	llm_call_failed_default:rate-limit: HTTP 429 rate-limit (no Retry-After header in response)	tehseenp PMOIndia Apni waitress bai ki pic Bhagwat ji ke neeche morph kar di ... this shows that teri Bar dancer Madam hamesha neeche rahegi
rahenge	8	HINGLISH	llm_call_failed_default:rate-limit: HTTP 429 rate-limit (no Retry-After header in response)	tweeting_pal ab bata bhi de kiska.. raat bhar sochte rahenge Insane_chorri HathwalaThakur MeetUunngLee
rai	8	HINGLISH	llm_call_failed_default:rate-limit: HTTP 429 rate-limit (no Retry-After header in response)	hahahah . . . :d history pdhte pdhte nind aa rai thi . . ekdm se tut gyi ye padh k . . :d
rayta	8	HINGLISH	llm_call_failed_default:rate-limit: HTTP 429 rate-limit (no Retry-After header in response)	Moskvaa Shaadi me Kejriwal ji sirf rayta khiwaenge
rehna	8	HINGLISH	llm_call_failed_default:rate-limit: HTTP 429 rate-limit (no Retry-After header in response)	viratian4lyf_ try nahi karoge to khush rahoge believe me .. try karo ge to mushkil ho jayega khush rehna
rishta	8	HINGLISH	llm_call_failed_default:rate-limit: HTTP 429 rate-limit (no Retry-After header in response)	.ashutosh83B to phir rishta pakka samjhen?
rok	8	HINGLISH	llm_call_failed_default:rate-limit: HTTP 429 rate-limit (no Retry-After header in response)	NeetuGarg6 ArjunIrplast RitaG74 YouTube crores Logon mein ye chand saans lete haanfnewale netaon ne poore pradesh ki saanse kaise rok di
roshd	8	HINGLISH	llm_call_failed_default:rate-limit: HTTP 429 rate-limit (no Retry-After header in response)	roshd City to sabki same hi hai. Obesity.
rts	8	HINGLISH	no_context_default	
rula	8	HINGLISH	llm_call_failed_default:rate-limit: HTTP 429 rate-limit (no Retry-After header in response)	jabatdast dost . . . . 1 page me rula diya yaar . . . . . kamaal hai . . . . superb nd hatss off to ur crearivity . . .
rulayega	8	HINGLISH	llm_call_failed_default:rate-limit: HTTP 429 rate-limit (no Retry-After header in response)	bs kr..oyeee rulayega kya :v :p santi_kr_ditta :p
sada	8	HINGLISH	llm_call_failed_default:rate-limit: HTTP 429 rate-limit (no Retry-After header in response)	Priya_Menon Kheera hai sada ke liye.
sanjay	8	HINGLISH	llm_call_failed_default:rate-limit: HTTP 429 rate-limit (no Retry-After header in response)	Atheist_Krishna hahaa.. mein asli sanjay jha samaj ke gaali dene wala tha
selfie	8	HINGLISH	llm_call_failed_default:rate-limit: HTTP 429 rate-limit (no Retry-After header in response)	urbantucchha Agley show me milunga pakka.Kal socha sundar girls ko haath lagaane du apko & selfie khinchane du, apan to kabhi aur mil lenge
shivay	8	HINGLISH	llm_call_failed_default:rate-limit: HTTP 429 rate-limit (no Retry-After header in response)	narendramodi_in Sir mahashivratri ki hardik badai.om namay shivay
shobha	8	HINGLISH	llm_call_failed_default:rate-limit: HTTP 429 rate-limit (no Retry-After header in response)	narendramodi RailBudget2015 ki itni tareef karna apko shobha nahi deta . Let others praise it . You are no expert . Don't sound pompous .
smogindelhi	8	HINGLISH	llm_call_failed_default:rate-limit: HTTP 429 rate-limit (no Retry-After header in response)	Twitter pe hi solve karlo sab "bhai outdoor waise bhi safe nhi aur ab to idhar 280charcters bhi hain. smogindelhi
sonam	8	HINGLISH	llm_call_failed_default:rate-limit: HTTP 429 rate-limit (no Retry-After header in response)	sonamakapoor accha to fir aaj trend me sonam kapoor ke alawa naya kya chal raha hai.
sote	8	HINGLISH	llm_call_failed_default:rate-limit: HTTP 429 rate-limit (no Retry-After header in response)	Haan bhai kyun nahi ? Obama tere ghas me ghuske teri sote hue photos bhi leta hai !! TRUMP Obama
tanmay	8	HINGLISH	llm_call_failed_default:rate-limit: HTTP 429 rate-limit (no Retry-After header in response)	In kabhi khushi kabhi gam, amitabh bachhans ego is bigger than tanmay bhat.
taqleef	8	HINGLISH	llm_call_failed_default:rate-limit: HTTP 429 rate-limit (no Retry-After header in response)	Phone dekhne mein taqleef hai kya?
thakur	8	HINGLISH	llm_call_failed_default:rate-limit: HTTP 429 rate-limit (no Retry-After header in response)	thakur abhi trailer se kaam chalaye …
thats	8	HINGLISH	llm_call_failed_default:rate-limit: HTTP 429 rate-limit (no Retry-After header in response)	someUSER i know thats what im saying lol tucker straight outkicked cundiff in camp , i'm glad he's gone . didnt he miss one in the 4th qtr ?
tk	8	HINGLISH	llm_call_failed_default:rate-limit: HTTP 429 rate-limit (no Retry-After header in response)	Av tk advocates ko smajh nhi aya GST kya h? aur narendramodi ji bol rhe h ki behtar n saral GST
toastingtoaster	8	HINGLISH	llm_call_failed_default:rate-limit: HTTP 429 rate-limit (no Retry-After header in response)	toastingtoaster Bhai ne driver ko fasa diya
tukde	8	HINGLISH	llm_call_failed_default:rate-limit: HTTP 429 rate-limit (no Retry-After header in response)	PoojaMissra pure Bihar ke tukde kar diye hai nitish neFailedCMNitish
tumlog	8	HINGLISH	llm_call_failed_default:rate-limit: HTTP 429 rate-limit (no Retry-After header in response)	Bhai ek_samosa_dena & Dishasatra tumlog dikh gaye audience mein! Aaj ki raat hai zindagi!
tweepshikha	8	HINGLISH	no_context_default	
ulti	8	HINGLISH	llm_call_failed_default:rate-limit: HTTP 429 rate-limit (no Retry-After header in response)	DefucktiveHumor aur aaj ulti bhi karegi
umeed	8	HINGLISH	llm_call_failed_default:rate-limit: HTTP 429 rate-limit (no Retry-After header in response)	Swt_Sadhana lets hope.. Mujhe to umeed kam hai BJP4India ANI_news
uttar	8	HINGLISH	llm_call_failed_default:rate-limit: HTTP 429 rate-limit (no Retry-After header in response)	Yahan se ek suwar phenk kar maarenge, saara radicalism uttar jayega. …
which	8	HINGLISH	llm_call_failed_default:rate-limit: HTTP 429 rate-limit (no Retry-After header in response)	list which console you had , i had samurai tv video game and mega . . . usse paane ke liye kya kya paapad belne pade the :d
yonitishsotantrik	8	HINGLISH	no_context_default	
